11.8677,-5.2542,9.7033,7.9716,0.5882,-6.3649,9.8707,-5.1735,3.0887,-1.9747,-0.2695,-2.9946,-8.8374,2.2444,5.2407,3.1715,-6.6397,4.1793,-3.5268,-8.1098,-1.4672,-8.7363,-2.4273,1.3345,4.2960,5.5586,-6.6531,8.1699,-4.0755,6.8418,-8.0244,-3.3962,-6.5540,-5.7878,3.8841,7.1462,6.3279,6.2613,-6.2157,-2.8394,2.6065,6.2734,-3.6265,1.9132,-2.0211,-4.4675,4.5393,-5.8867,2.0551,-6.3607,5.8990,4.3625,3.4831,7.3867,8.1021,7.1774,-4.0707,7.6535,5.5543,5.7564,-8.3087,0.1475,-2.4351,-8.0666,9.5682,7.2141,-5.2423,-4.8683,-2.0147,-9.4557,9.1300,-7.0389,-3.5816,-1.3884,-5.5127,3.4057,-0.7171,-7.2486,2.0945,2.8274,-7.0680,-6.6348,5.8994,-0.5029,-8.3564,-9.5037,-7.9841,-5.8645,-9.4110,6.9710,1.3739,-8.6901,-9.4949,5.4376,6.2717,-4.9454,7.1701,-1.5289,8.1930,-6.8506
1.9408,-15.1836,9.4158,5.4759,-0.1259,-1.5118,-7.4515,2.8577,3.1922,8.5686,4.3926,-1.0285,1.4083,-2.5536,-9.5722,-8.6995,6.7908,2.1803,-9.5592,1.4328,-3.0912,3.7711,-4.8983,3.5128,-2.5275,1.4240,1.9561,8.0142,1.7761,2.3012,6.7143,9.0951,-2.8017,6.6598,-6.7671,7.0998,-8.0386,-6.9578,-1.2828,1.3236,3.9580,-0.9644,4.4076,-9.4297,3.3362,9.8567,-7.0836,2.6650,-6.2186,8.0446,-7.0094,-1.6175,-3.5892,-0.4468,-2.8002,-9.9299,5.6630,9.5961,6.0877,-0.5428,7.8865,5.3879,-8.7658,-5.3534,6.2635,6.4589,-2.6143,8.0405,-2.1286,0.0766,2.6166,6.3303,2.6832,-3.1440,7.5731,-9.2910,-8.6612,-7.1794,2.0109,-7.6879,-5.0746,-5.5791,-0.9237,8.0683,7.7294,3.8127,4.4345,5.8425,-1.6107,2.2119,-1.5568,-2.4096,2.0533,-1.1356,4.4796,0.6157,-0.2515,-1.4607,8.0987,8.9532
0.5141,8.6117,-4.9527,-2.5005,-9.8288,-1.5462,-9.0374,-4.0683,-9.1174,7.1668,0.4100,-2.2393,3.5871,-2.0604,1.1256,6.3787,-6.5593,3.0732,-9.4027,-8.2872,-4.9421,-4.0880,0.4598,7.6855,-4.2269,0.5353,3.1758,-2.5661,-0.9410,-4.4328,7.7006,4.8159,-2.7983,1.6265,3.3111,8.3567,-1.3135,-7.7476,-0.6826,-2.8477,6.9127,-6.4503,9.2275,4.0096,-6.0742,8.8940,-3.5361,-9.7614,1.3987,-6.9758,0.5870,1.3535,4.8016,6.7100,3.9522,-7.8784,-9.0422,6.7628,2.2329,-5.4827,-3.3320,7.6471,6.6219,2.1754,-9.1455,6.4205,-7.8044,-2.5711,-3.0667,5.4718,6.3636,8.1583,-3.8467,8.8655,-1.2713,-1.9242,-8.2764,0.1229,-0.7900,-6.1566,2.7325,1.9976,0.8263,5.7572,-4.3473,-4.8778,6.6300,-6.4422,-8.9439,1.9137,-1.0952,8.5788,0.1168,-9.7152,2.8203,-3.5727,-4.1133,-7.4447,8.2186,-2.3403
0.9044,-8.0992,6.4905,8.7719,9.5774,-2.0487,5.9855,2.8103,-5.5206,8.8619,2.1718,-8.2710,-8.8879,-5.6556,-7.0659,-7.6466,5.2630,2.6535,5.9362,-2.6035,5.2133,1.2415,-6.8086,-0.0140,-5.6461,7.4517,1.3071,1.5952,-0.1721,-7.4720,-8.1467,2.4408,5.6944,-0.0043,1.9140,3.7647,0.3053,2.0531,-3.0044,-4.1396,-0.6883,-7.9935,0.4635,-3.9588,-3.5757,3.8772,6.7828,-6.3695,-5.9467,4.0975,-5.3307,-5.5192,-2.7628,-1.1568,-4.5554,7.3077,-8.7037,-3.2370,-6.0839,-8.4545,-0.0077,5.8347,-3.1314,8.2818,9.9269,-8.8423,-7.2431,-5.5265,6.3081,2.7679,8.2288,7.1029,-5.4631,-9.1431,-0.6530,8.4586,0.6646,-9.5089,0.9347,-8.5380,-9.5470,-9.0913,-2.6554,-2.6424,3.1500,-0.3501,-5.8763,-4.8822,7.3410,-1.6625,3.0319,1.1041,-0.4817,-4.1199,-9.5441,2.7668,-0.9982,5.7367,2.2931,9.4834
-7.5847,8.6244,-3.0979,2.8845,1.5479,-0.0346,3.7336,-7.6317,-8.0564,6.6231,6.5546,-9.7027,9.8310,-4.6987,-3.3139,-2.0924,5.7974,2.2313,-2.8190,2.8024,-6.6504,4.6670,7.9896,-2.4620,-3.4433,-5.6776,5.8180,8.1839,0.1433,5.8377,-3.8056,7.7245,-8.7878,-6.0068,-9.4304,-7.3880,6.5271,-3.4198,6.3075,8.1366,1.9746,9.0830,-1.3602,7.9728,9.7297,2.5983,7.2326,-9.6387,2.6535,-0.2529,5.6463,4.1747,0.4900,-4.2055,7.1093,-9.4578,1.6467,7.2260,-2.5619,-9.0637,-4.6190,-3.5215,-6.0982,9.0319,5.2991,5.4653,5.4651,3.8282,-1.5206,-2.6943,-6.0871,9.7438,-1.2438,-7.0199,0.7742,-8.2413,5.4283,-0.3648,-5.0520,-1.6994,-5.0678,-1.5767,2.5701,9.6234,4.0324,2.1572,1.5952,-8.2645,-8.7287,9.2541,1.5715,9.2226,-4.0757,-7.4982,0.4078,7.6954,8.7487,-8.8765,5.7997,8.0849
8.7793,3.5325,-7.4477,-8.0958,-6.8434,-4.1183,-0.1895,-3.3793,2.5657,-7.7793,-4.1938,-8.1788,-2.2215,5.9534,4.7200,1.4195,1.7880,-4.1210,6.1847,1.8284,-2.1419,-8.7903,-6.6166,-5.7059,-1.4579,9.7522,-6.1617,2.7223,0.8387,-3.1238,-4.1911,1.0373,-3.3296,4.1951,0.9678,0.0936,-3.6022,3.8253,-1.8343,3.2544,5.1954,8.5568,-2.8808,-5.3742,4.0544,-3.2313,-9.9293,1.6161,0.1746,1.8741,4.2679,7.9600,-7.0737,2.3890,-5.0242,-6.9540,-9.1379,4.8973,8.4952,2.0377,4.6231,8.2908,5.2545,3.5367,9.1196,-0.6402,2.9200,-0.2828,-8.9727,5.9406,6.2849,-8.8133,-3.7786,4.3305,0.6660,6.0908,5.0466,-3.1834,-2.1944,6.5414,-2.3756,8.0431,5.2900,3.3560,-9.7189,-1.5396,-1.8056,-9.1424,-9.6714,-1.7572,1.7938,-9.5863,-8.1449,6.8958,-8.1145,-3.7143,-9.2803,-6.4834,-3.5385,-2.0151
3.0459,-9.3854,-1.1312,-8.9664,5.6187,-6.2061,-2.8323,-3.9123,-8.7469,6.8976,9.3382,4.7303,-2.8375,9.8261,6.4650,6.6132,2.0999,-1.9455,-1.9488,7.9597,-8.1427,9.0387,-7.7165,0.4413,4.6912,-7.7026,-7.1682,-4.8814,7.9824,-1.0947,7.5893,-0.1820,7.9359,-6.3005,-3.5356,3.9281,-7.9641,3.4757,6.9394,1.7990,4.1109,-4.4306,6.5987,5.3082,-6.8056,4.8136,7.9356,-8.5451,-2.5886,-5.4268,-8.7061,2.7813,1.1725,-3.3058,8.0856,-6.2450,-8.2449,-4.8669,9.9531,5.4606,8.6622,-4.6919,2.4631,6.2221,0.6620,0.3843,6.5934,9.3288,-6.7348,6.0623,-7.6350,-1.7262,1.0058,-7.9619,0.1812,8.5219,-9.4433,-3.7303,1.3694,-6.8618,-0.8464,-6.6787,-9.0961,-2.4735,-8.0236,-5.2004,6.4272,-1.1571,6.8421,1.2095,-7.5071,9.5512,-0.8648,-5.3868,-3.8528,3.9746,-4.6814,9.9342,-2.6898,-2.4636
-3.6368,-1.1605,-4.0542,-4.2054,0.4990,3.3060,-8.4239,3.8956,-4.8786,-3.4903,-1.8074,6.9599,-6.3583,-9.5064,7.3758,-0.7164,4.0138,4.7550,-4.0054,7.2118,-4.2585,5.7825,1.6952,6.4930,7.6619,5.2035,3.1275,-8.9806,0.4660,2.5311,4.0704,0.2820,-4.9001,9.2515,-0.4864,7.0783,9.1821,-6.9204,-8.3149,5.2257,6.6237,-6.4257,8.5793,9.0424,-6.6811,6.9612,3.5320,3.0681,4.7032,3.4904,6.4554,2.9787,-5.2477,0.2510,7.7036,-6.8784,2.1344,-5.9514,-7.2123,-6.1467,4.2693,-6.2973,-8.8134,4.4130,0.2062,1.2433,-7.4961,0.0910,-6.6102,-1.8423,-8.4235,4.1054,-5.5013,-1.7895,-1.1988,7.9394,-6.8502,-0.3991,-9.8195,7.7422,1.9374,2.7092,8.2033,-1.5670,1.9534,0.9154,-0.5483,-6.7472,-8.5185,-8.9101,6.9845,8.7577,7.3701,9.0601,7.2962,5.2863,-2.6987,7.4729,9.6345,6.0918
-4.2153,-7.9406,-5.2902,-1.9692,-4.6787,9.3684,-1.9146,-5.3973,-1.7439,-2.7254,-5.2743,-2.3056,9.0009,-9.4618,-1.8272,4.1414,-3.2953,-0.9255,-2.8821,0.1173,-7.5228,9.6048,5.1411,-7.9821,-9.0514,5.1893,6.6918,5.7347,-8.3390,-0.9397,-8.7846,-4.5345,-1.3888,-3.3134,4.2395,6.7895,-0.6145,-7.0452,-0.3010,2.9557,-6.7983,-5.7390,3.0468,-2.3291,-0.7570,8.2379,-3.8714,7.2541,8.0622,6.7020,-2.2607,-0.4797,-7.2341,8.9209,2.5637,-7.5105,8.9252,1.0158,7.2325,8.3222,-4.1839,-4.6806,-1.9445,8.8199,-9.0439,-0.0072,7.7489,-0.3296,-9.4689,5.5016,-3.4953,-6.0036,1.1338,0.5942,-6.0482,-4.9871,7.7560,-7.7580,-6.1053,8.3365,9.1860,-9.2028,-9.4716,3.8594,2.8795,-5.7636,-5.3268,9.4994,5.3318,-5.3728,0.9703,8.9906,-4.4587,7.3268,-3.9309,0.6745,-5.3650,-0.2156,2.9652,-0.2779
-9.5270,2.3326,8.1877,-2.0067,-4.7343,4.4563,-4.7773,-0.3478,-6.9736,3.6241,-3.2345,9.8344,4.6865,8.1546,6.8346,2.6479,-1.2777,-9.8542,-4.6449,3.9533,-8.3043,-6.8691,-9.8095,2.6008,-8.9680,-9.2433,-0.3902,-7.3686,5.8950,-2.9752,-4.5737,-9.8970,7.3124,8.0252,-8.3721,1.2221,-5.5634,-7.3262,-0.3897,-0.2630,2.2473,5.5515,1.8555,6.0978,-1.8607,-4.8173,4.8885,-6.8455,-9.8827,2.7365,-1.0565,-3.7939,-6.1471,-4.7724,-2.3341,-8.8080,4.0926,-4.4183,1.3575,5.9802,-0.2866,5.6443,-9.9453,-3.5697,-0.3592,3.9701,3.0916,-0.7125,-7.8220,-8.5507,-2.0884,-9.0118,-2.6168,6.1736,7.1992,7.6170,-0.9382,4.7164,2.9778,-2.0981,-0.9303,2.4336,2.9131,0.3901,1.2210,5.9792,-8.6523,6.7919,3.6001,9.1607,3.0653,4.2358,-7.8689,2.3007,-4.9805,4.7977,-3.6727,5.7625,-6.6087,7.2504
0.7895,7.6563,-5.7347,-8.1559,5.2785,-5.0570,-4.1437,8.2652,6.7291,-7.1586,5.8307,8.8825,4.7142,8.2318,-6.1233,-7.7302,-8.2201,3.8188,6.8982,-0.2082,-9.6282,4.0700,2.2792,-6.5928,4.5659,-3.6772,-2.5295,-2.1349,1.0347,-1.7543,-4.0580,-0.9283,-6.6405,-9.5787,8.9071,-2.9814,2.1932,-2.8953,-9.3338,-0.2484,2.2030,-5.1369,8.6390,-2.6324,-2.7292,7.8270,7.2348,-5.4186,5.2749,-4.7141,-1.9529,1.1307,4.5716,-5.6319,-6.8902,9.0760,5.0493,-0.0091,-5.7895,-6.8122,3.0305,-1.3175,3.5178,-0.9784,-5.4409,-6.2753,9.5955,-2.3007,6.2567,2.6784,0.1298,4.7260,2.1318,-7.5223,-6.5202,6.4558,9.8258,-4.4158,0.5032,-2.4937,-9.5013,6.6752,-0.9066,-4.5858,-4.5966,-2.0747,-8.9692,2.4967,8.9144,6.9971,-7.1522,-8.9691,-2.9454,-4.7001,-3.7042,4.0332,3.4240,6.5041,-5.1493,-9.6962
0.0659,9.1127,-8.7536,-6.5994,-4.5238,-4.5792,1.6816,-4.2436,-5.0635,-1.7121,8.8103,-10.7116,7.4637,-2.9631,-1.3498,-0.9233,-6.0969,-3.1280,2.8265,5.6025,5.9329,0.9824,-5.7304,-8.9541,5.2312,-5.9737,-3.0485,3.5706,-6.1764,5.8076,3.3507,7.8243,4.3625,-8.4176,9.2895,-0.7203,7.9630,-2.4733,3.6841,7.5299,3.3493,2.3235,-7.7894,6.7951,-0.3380,7.3177,-4.3283,-6.3427,-2.6967,-3.0625,5.3185,-9.8362,3.5073,6.5090,4.7157,-1.5164,1.1119,0.8327,-4.6175,-7.2062,-5.2212,0.0923,8.8104,2.9811,4.3161,-6.3626,-8.0699,-7.6878,3.2419,2.7585,-8.2220,-7.5221,-4.9685,4.2371,-6.3225,5.4075,-9.3324,8.5699,8.0625,9.5195,-8.9743,-5.1758,-8.6221,9.8328,4.0203,9.8698,-9.9091,-2.2937,5.9244,-9.6138,-7.6817,1.0044,9.5384,5.3227,-8.0988,1.3638,-2.9621,8.4773,6.7655,-1.7876
-2.7292,-8.4233,-8.6626,1.0573,9.4241,7.6998,-9.7055,-3.8505,2.8819,2.2151,8.5008,5.8295,6.8423,4.2841,3.2467,5.7821,5.1277,-0.8401,-8.9767,-6.9868,0.6193,6.4844,-6.6209,3.4878,-1.4665,0.0857,-7.5307,-6.5551,-2.7418,6.1495,5.6267,2.8180,2.5341,7.2814,3.1323,-0.3635,-1.9541,1.4590,1.3702,9.9180,4.2187,-2.4397,6.2500,0.9807,2.9828,-5.4530,8.4883,0.3614,6.8352,3.4013,-2.9205,-8.8799,-3.9857,5.5605,-6.8474,5.5256,-6.2888,-7.6311,-7.4738,4.5477,4.7848,-0.5784,-7.4990,2.3647,-3.8738,7.0473,5.7450,-4.1299,7.4251,7.4462,2.4409,-0.4919,5.5354,5.3303,4.6285,-4.0977,-2.0303,-0.5594,9.8322,4.7933,6.5543,-0.6252,0.9842,-3.5087,-0.4885,-0.3383,7.5767,-8.5591,-6.0551,4.2075,-0.8716,-4.7498,7.4596,-7.0067,2.0923,7.1960,7.2190,-4.7348,6.0441,-5.5853
-7.6493,-6.2671,-3.0551,6.4545,6.6525,-2.4165,2.1367,0.2526,2.7496,7.4500,7.2403,0.0805,3.5463,0.8091,-9.2072,-0.4160,3.6978,-9.3153,7.6745,6.1935,-8.1344,-4.6683,-0.9372,2.1996,9.6398,7.2136,-6.8226,-7.3264,9.8859,-3.9910,-0.6198,0.1236,9.7199,-1.3958,-1.2451,1.0832,5.1068,-5.1968,-8.5810,-3.0455,-5.9223,9.9787,-9.8880,4.4556,-6.6908,-9.0278,5.7089,3.5139,-3.3438,6.1885,-3.5557,9.9640,4.4326,-5.2444,8.3946,-3.3950,1.0890,-9.8509,-5.7703,-3.9008,-3.3233,3.9955,-3.4193,9.5426,2.2529,7.3636,-8.2231,6.3671,3.5871,-6.1876,6.5135,-6.0557,1.1538,9.8481,-0.0729,5.2216,-2.8179,0.1846,7.7282,9.3687,-6.5916,7.1872,-9.1252,7.4745,-0.4972,-1.1344,-8.2383,5.9223,-7.5297,5.6045,-6.6104,9.9304,-9.1766,4.4164,-3.8037,4.4532,4.4901,-4.8186,-5.4405,0.3097
-8.2135,7.3708,-0.0176,-0.8527,-0.1552,2.3434,-7.2470,-0.7248,-7.2255,-8.7658,-5.7952,-6.9467,-6.7301,4.9955,-8.9648,2.0589,7.5619,-4.9834,2.9296,8.1385,-2.8727,9.8735,-5.8403,2.4469,6.2947,-9.1453,1.2023,-3.3284,2.9350,3.9085,-9.6027,-2.7553,0.1054,-3.9096,7.6422,-6.5094,0.0962,9.7449,0.0176,4.4471,-2.8230,5.7304,-2.9590,-8.3848,-8.9192,8.7102,6.6650,1.4826,-5.1414,-0.8583,8.4298,6.9221,-9.1395,3.1826,1.5375,5.2634,-6.9812,5.9025,0.8038,4.2710,0.6368,6.3296,-7.2101,4.2107,-1.1349,3.2450,2.3514,0.9878,-8.7164,-3.7091,3.5308,4.8389,9.6877,1.5220,2.7245,3.3541,4.1478,-7.4135,6.3604,0.3677,-5.0067,6.4741,-7.6531,5.5679,4.4614,2.5799,-9.8596,-7.2731,-2.9598,2.9567,-1.7510,-8.3574,3.6564,2.8905,7.1802,-0.8164,-2.8009,-3.8533,5.9872,-0.6491
6.7279,5.2854,9.5100,-2.8630,-7.9159,7.1752,0.4113,-5.6292,-8.9956,4.9871,-7.2886,-9.9936,2.9061,-2.3539,-3.7598,-1.0071,-5.6386,5.5855,-7.5930,6.9939,1.4079,-9.5330,4.2584,-6.6132,-8.1165,4.4249,3.4520,5.6600,9.4054,-8.3741,5.8657,2.3001,9.3610,5.8068,-0.6271,-5.6072,0.3531,-2.2304,7.7464,-5.2316,-0.9911,5.5413,8.9222,6.5492,-9.2626,-4.0423,-6.1494,-2.3516,7.2567,2.4923,1.7932,-2.4845,-0.1701,6.5075,-8.1059,6.1508,-8.2415,-8.0900,-5.9650,9.2725,-1.9080,-1.7158,-3.4624,6.8036,-7.7300,-4.5058,5.6085,-4.3693,2.3381,-6.8725,-9.2288,1.9306,-4.0179,-1.1227,-4.8636,4.2447,5.2893,7.2045,-9.6843,3.2364,-9.0486,3.2737,9.2876,6.4257,5.7458,-5.3938,8.4032,6.3733,1.3369,-1.6682,2.9966,-0.8429,-7.7757,4.1266,-1.0111,-7.1653,7.9206,7.2221,2.3983,0.8630
-0.8539,4.2334,2.2739,1.3332,1.3395,4.1087,9.2967,4.0824,-8.3659,-9.9891,-3.6706,6.1466,-3.9191,-4.1234,6.7061,-7.8317,6.1977,-5.8785,0.7971,-8.1151,-7.5522,7.6436,-6.2099,-6.7656,-5.7461,9.6987,8.8870,-3.1379,-6.8923,-6.9023,-8.2680,-1.9561,2.2002,3.3451,-3.8045,3.4334,-4.7799,5.4558,6.6260,-4.0615,-4.5890,-5.0307,0.6851,-1.3398,1.1008,-4.6870,3.7769,9.9491,0.1314,5.6474,-9.2822,-4.0820,8.3822,2.5229,-6.5208,5.0258,-0.4699,-7.9775,7.3724,1.0564,6.7584,3.9525,-2.3030,-0.7007,6.1046,0.5245,6.1300,5.1046,-9.5807,3.1101,-6.1469,2.2885,2.1185,6.5862,-3.8786,-3.6734,-1.5818,0.6385,-7.0266,5.2672,1.4089,7.8342,8.1121,-7.7323,-7.3114,-9.3513,6.7170,-7.4233,-1.1665,6.8850,0.3297,8.4283,-3.7647,7.2592,5.0852,4.7715,-0.7075,0.1969,1.4957,-6.3966
2.8012,2.6137,-8.6481,-9.1061,-3.0300,-3.0251,2.1067,2.3295,-9.2868,2.8108,0.4245,-9.9217,4.3132,8.9512,7.4079,2.7967,2.8088,-10.3433,7.1109,3.0576,7.6801,-1.4994,4.2585,-3.3093,-4.6947,-2.1681,1.0761,-5.1584,-3.3052,2.6167,-0.0519,1.0373,3.9300,-6.6806,9.5841,2.7957,9.6814,6.3761,3.7045,8.0769,-0.9794,8.9491,-8.3783,0.7053,-7.8636,4.2933,-9.0217,-2.5168,6.4563,-7.8618,-4.9547,3.6141,-1.7973,-1.0853,4.8396,4.3040,-0.2081,-4.9785,8.6013,1.0815,-4.1706,-1.7343,-1.1498,-6.8220,-2.5984,8.7870,6.6605,-4.5393,-9.1190,-2.1188,-4.9813,-6.8096,-0.0049,-3.4262,-0.9981,-9.4489,7.3205,-1.5400,9.5360,5.2047,2.5735,-0.0143,-0.3102,0.0527,-5.8148,1.1040,5.3679,6.7869,7.9344,-1.1438,9.1666,-8.2449,-3.0531,3.1573,7.4396,-7.3329,1.3964,-2.3830,-7.9688,5.1766
-0.2888,0.9389,-3.9466,-4.0435,4.7974,9.7237,-8.2958,-5.7689,8.8497,-0.2065,7.1456,0.8146,2.2158,-6.3976,0.6057,-6.0305,9.3724,-1.0431,-4.6723,2.3429,5.2454,-6.6171,4.7475,-4.4302,-6.7939,2.5204,-6.7115,3.1844,2.5554,-1.1083,8.8509,-8.3047,5.8812,3.8450,6.2310,9.3337,-0.2766,-1.2046,-3.5188,-5.6906,-3.1924,8.9789,-9.3038,-7.8895,-4.5248,1.7594,3.1488,-8.4250,2.8142,-7.2079,0.8267,-5.3329,8.0245,4.1944,6.9026,-0.8194,-7.7155,-6.9469,4.5117,-8.6333,-9.0794,-4.2780,3.4664,-2.0792,4.6684,2.0694,-3.1150,-1.0208,0.7494,9.3420,-3.7417,-5.7303,-0.0460,0.7906,-0.0576,4.3286,1.8753,6.7806,7.0213,-5.6095,-5.9568,7.1089,7.8197,-9.6549,-9.4554,7.7121,6.8560,-7.0293,-4.2781,2.8856,4.6699,-6.3110,7.8869,-9.5304,2.7218,-1.6111,-6.9920,-7.0051,9.5744,-9.5583
-5.2095,-4.8211,6.6762,6.0852,-7.1396,8.9894,-5.9755,-2.7137,1.9018,4.9829,-4.1430,-6.2420,8.2202,5.3135,9.6970,-1.3268,5.1988,-1.5111,-2.2279,-1.6947,-6.2718,-8.9554,-3.8826,2.9416,-2.9215,-0.2560,3.7304,-2.4748,-6.1640,-2.7882,7.0950,9.1223,-2.0019,-4.9827,4.7245,9.8537,1.4595,2.5564,3.8339,-2.1840,9.9825,-1.8531,-3.9458,7.8970,-4.2699,9.5580,0.0091,-0.2135,-5.9795,9.5886,-7.4950,-2.7130,-4.2830,-3.4224,-0.2274,9.0390,4.1683,-2.1896,-6.9845,-4.5914,-1.2303,-0.5248,-7.0962,-2.4273,7.8465,5.9376,1.6605,5.2980,-6.3649,2.8971,-7.9270,4.5532,-6.5022,5.2785,-5.8908,-9.7668,4.6657,5.3700,-0.5276,6.2886,9.2529,-8.8104,-1.3882,8.0436,5.9436,-1.7946,8.6219,1.9720,-7.9577,4.3173,5.3523,-2.3300,4.0340,2.5258,8.2596,-7.1194,1.4252,6.4534,3.9758,-2.4085
1.1791,1.1954,8.0264,-9.4152,7.2838,3.9477,8.1157,-8.6398,2.0475,7.5925,-2.5170,3.9411,-9.4487,4.3340,-8.9165,-3.5295,0.0666,6.3392,-4.2610,9.8259,-9.7135,-9.3905,1.2473,-9.3814,4.3326,-1.4589,-5.2556,7.2066,0.5980,-0.2508,1.3939,-2.1113,-3.3116,-4.8411,5.8714,1.6581,-4.5007,7.5808,5.8629,-2.5725,8.7658,-2.2479,-0.3275,-3.5021,-5.0336,2.6873,-4.9254,-2.1093,-3.1867,4.2071,-4.6288,2.4542,6.1864,-5.2862,5.1924,-5.6182,2.2464,1.2048,-5.7250,5.0829,-0.6309,-8.7388,-6.2049,4.9438,9.9982,6.0039,2.0320,-6.5490,2.9177,0.0357,-4.5202,9.4888,-9.6690,9.6529,4.4994,-5.7922,5.9864,2.6351,4.5885,-7.0618,6.5337,2.0991,-0.6446,6.3868,-1.8705,-4.9793,-4.3138,-0.5215,5.3961,-3.0427,2.5480,2.4160,7.4957,9.2465,-5.8671,5.8142,-3.3444,2.9258,7.0964,0.8058
6.9406,5.3904,3.2124,3.1542,3.4324,6.7597,0.5476,0.8295,6.5507,7.1889,1.2816,5.5011,8.5903,-0.4747,-1.3072,-7.3454,-8.8644,-9.1707,0.3131,-0.1369,0.8307,-6.2248,2.8338,-5.0266,1.3471,-9.7669,3.9481,-9.4382,-2.8422,5.2126,8.2242,-0.5127,-2.9006,6.6826,-6.0374,-6.1700,-0.4274,-4.7214,8.0885,1.6029,-4.8587,2.0535,7.7479,3.1168,4.0720,-5.2504,-3.2205,-9.7945,4.8008,0.7664,3.0670,-9.4977,5.2294,6.8195,-4.6278,6.2312,2.4866,-1.0103,-5.0120,7.1399,8.5397,-3.8916,4.9123,-8.8276,-8.8601,0.9580,4.2217,9.7230,-9.4185,-7.2048,8.3763,9.5764,-6.5835,3.3878,-9.4305,1.6430,1.1566,-2.4617,-7.4149,-0.9927,2.8793,2.9512,-2.7479,-5.6533,-5.8474,-0.9436,-2.2639,-5.6474,-7.0311,1.7410,1.7605,9.4430,-8.8024,0.4418,6.0790,8.8444,-8.5942,-4.7111,-5.9815,-2.9695
-4.1000,7.8772,-2.3454,-2.2682,-7.8832,-4.0999,3.1435,3.4079,-7.0791,1.2089,9.0133,6.9298,6.5160,-0.2599,-2.4356,-3.7878,-8.0599,-0.8672,-6.7729,6.5144,-3.0999,9.7922,8.7165,-9.5137,3.6067,7.2750,5.1039,1.0096,5.1369,-8.6192,5.3476,7.7501,-7.9766,8.9752,0.0963,7.4235,3.3458,6.7721,-1.9997,-5.2519,5.5443,-4.2671,0.8375,6.9527,4.0631,5.3987,3.2561,5.3512,1.7772,-3.0291,6.1359,5.8870,0.4209,-2.9472,4.5354,-2.7305,3.0811,-8.9181,-0.7474,-5.9062,8.3675,-0.9961,-9.1038,1.2535,-2.7612,3.7054,-9.1535,2.2230,-8.9527,4.3497,-9.5544,-2.9924,-7.6442,1.8776,2.3481,1.7969,9.5392,-8.2636,-2.7050,5.0198,1.3116,5.0721,-1.4914,5.3688,8.0544,-1.0100,7.0286,-1.5872,7.5522,5.4086,9.7605,-5.7493,-2.8570,-0.0172,-7.7059,-3.8782,0.3468,-5.4006,-2.2724,4.1058
9.7102,2.6382,0.6248,-0.8435,7.2287,-8.5466,-9.9760,-1.7464,-8.4116,-9.8019,8.2391,0.8405,-9.4949,9.7273,-9.3554,5.8830,7.5962,7.4709,9.1030,4.9501,4.7512,5.3566,4.3846,3.2395,2.2733,7.4275,2.2648,-7.8381,5.2281,-2.3122,-7.9998,8.5748,-1.3363,-2.3580,-5.5207,2.8755,-5.4882,5.7390,7.7587,-5.9752,-5.6761,-9.0807,7.8077,-4.4086,7.6764,-5.5591,-1.9976,-6.6892,0.0931,-4.0835,4.1520,-0.3066,-4.4282,-9.6944,-4.8816,-9.0543,8.9949,4.7828,5.3841,5.9279,-9.1048,-2.1776,0.2561,-1.4628,6.8160,-5.0001,5.7008,-8.6565,7.2327,7.2347,2.6193,-2.9299,-5.7465,4.4947,-7.1445,4.2244,3.2583,6.2387,-0.2177,3.7501,-6.7688,-4.9414,-6.3996,4.2662,-0.1910,-9.9756,5.7403,9.0837,1.0222,0.6190,9.6277,1.8129,0.6958,-8.2376,-1.1775,-1.9947,-1.1754,3.5640,3.9587,2.3188
3.4511,1.2179,-8.0533,-7.4159,-4.9001,-9.0749,-9.9832,-4.6464,7.3186,-2.3670,-1.5949,-9.7893,9.8284,-2.8027,4.9356,9.4802,2.8979,-4.5937,-1.4075,2.7257,0.5316,5.0618,-0.3370,7.1455,0.1527,7.9731,9.5792,-1.8241,-2.4557,-7.0825,-5.3164,-1.8996,-3.4959,1.8772,0.4491,5.8429,2.0300,1.1661,7.3687,-3.6210,2.1050,-8.8903,7.8414,-7.6207,5.6674,-2.9256,7.4496,-5.1895,-6.7294,-5.0348,-8.5405,-1.9071,-3.9252,-3.5899,2.9006,5.1244,-8.9094,7.0089,-5.7157,1.8919,8.0759,5.2892,3.7428,8.2022,-3.7511,-2.0558,7.9043,6.5274,-9.7574,-3.8209,4.7737,-9.4966,4.9495,-0.3118,0.9276,6.0434,1.9212,-2.5877,0.1115,-8.4771,-7.1873,2.8280,3.6732,-4.5212,-8.4588,-4.5095,-5.4553,-1.6166,8.2840,8.2971,-7.4663,6.1977,-4.1842,4.6942,-8.3151,1.3828,-0.0237,-7.2690,-3.0473,1.8224
-3.4528,1.8602,-8.0969,5.2597,-6.4511,4.4283,-4.5245,6.9787,5.3459,5.4977,5.8968,4.2642,-1.5674,-4.7990,-1.4752,-0.8652,-1.8432,5.1859,-8.9427,-3.6600,3.9943,9.7057,-0.7907,-4.4204,-9.0425,-1.4524,7.7857,5.9435,0.6431,-1.0666,6.1224,-7.8950,-4.5929,-4.4662,8.6410,-5.8122,-8.7021,7.7607,7.3916,2.1436,9.2412,6.4698,-3.4985,3.0119,-7.4799,-2.2366,-8.1552,-5.4345,2.8835,9.5876,-0.4161,-1.2382,-9.3521,-8.9379,-2.4642,1.7808,6.9981,-9.8026,-0.9328,-6.9092,8.3307,7.5438,-8.7313,-3.6915,-5.9914,-2.8634,-4.0540,-2.8185,-0.7709,0.3023,-3.4905,-8.1527,-9.3440,0.8741,-7.7215,-4.3824,-8.2597,2.0988,-7.3903,-7.1591,-8.1327,-5.2345,6.0860,-5.6026,2.8332,7.2038,5.7684,-5.1082,7.8236,9.6449,1.3798,5.2574,9.6947,0.7878,-8.2720,-4.7048,-9.3294,5.7175,0.7103,-4.5600
8.9661,4.4307,-7.1140,0.9233,-8.8353,6.8554,-2.9648,-6.0466,1.6730,1.9179,2.0146,-7.4744,1.1772,-8.1309,0.5064,-2.7578,-2.8383,-2.8981,-6.5827,-4.0288,1.0394,-6.0454,8.9790,-9.1520,-8.4630,2.1411,-2.8799,5.6282,8.0414,0.4633,-8.0042,2.9392,2.9050,4.3844,6.8308,-3.6655,6.0979,1.2591,-4.7168,-9.4416,-1.8867,3.8665,-2.7815,6.7625,6.8640,-2.1870,-3.4791,-8.5523,4.6533,7.4995,7.5046,-2.0590,-1.9392,-9.2720,-9.6229,-3.6195,2.5059,-6.1228,6.7146,-3.2397,-9.2157,-1.1337,-1.6480,7.6934,-2.2266,3.1285,-2.3572,-4.6988,-6.3280,6.9592,-7.1261,-4.7858,0.5978,-8.6769,-2.3896,-2.4815,1.9260,0.2018,9.6497,6.3282,4.1419,6.6009,7.2013,-4.8985,3.4588,-1.4401,9.5365,-7.3889,-6.2823,8.7410,7.2422,-3.3349,-3.7775,-6.6206,9.4092,-1.5034,7.2478,4.4360,1.6045,0.5404
-4.0811,-6.5121,5.7667,8.4906,1.7856,8.5185,-7.8462,9.4884,0.7323,-3.4106,5.3500,3.1073,8.0794,-6.3435,-1.4930,-9.7216,-1.9708,5.9721,8.6975,9.9936,4.6858,1.4241,-5.4679,3.7731,-9.8683,5.9080,-3.6465,-9.0031,-9.2891,-9.3202,5.6989,9.1875,8.4808,-6.6630,-6.7743,2.9354,-8.6048,9.6184,-8.4544,-1.5098,5.9968,-1.0605,5.0315,5.3116,1.9281,-8.2176,-2.5870,-1.0901,-6.9588,-9.8913,6.2483,-3.0507,-3.6068,-6.9917,0.6460,-8.4037,-2.5225,7.6272,4.3520,0.0391,1.7799,-4.8256,-3.9452,-5.7299,1.1474,5.9556,-5.2637,7.2376,7.2753,-8.7107,-3.2029,3.0008,7.6113,-2.8426,-7.5359,-2.8789,-5.6948,3.8832,2.1078,-4.0756,9.7455,5.6030,8.8124,3.1766,-0.2732,2.8476,-5.4701,3.6678,-1.6248,-3.2336,8.6560,6.4585,-0.5435,9.4760,-6.8977,-1.5830,1.3747,3.0420,-9.5519,-2.1348
9.4465,-8.5813,2.9403,-2.5802,0.3806,0.8253,-5.4362,4.3304,-6.3577,-3.1314,-0.9614,-6.1041,8.0146,8.0500,1.1225,-9.3940,-2.2179,-8.8653,2.7713,4.2224,0.0666,-6.4373,4.7387,-4.4607,-5.3110,2.5780,5.2788,1.6984,-7.7329,5.1828,6.1164,1.3821,9.3322,-6.1508,4.6518,-5.9151,0.9667,-4.9127,-5.4381,-7.6469,-8.0443,9.6134,-4.1030,3.1445,4.2793,-5.3873,-9.9771,0.5809,-7.5485,6.2479,8.1424,-1.8027,-4.5348,-9.6806,-2.3965,2.1599,1.7713,1.2469,-3.0755,3.9574,-8.5129,-6.3543,-7.4256,5.6241,2.2598,3.6693,-6.4033,-5.7632,8.5255,-4.3391,7.6475,6.1907,-3.0608,0.9946,-4.4187,4.5390,7.3578,1.0761,-9.8365,4.8150,-1.9833,3.2441,8.9333,-7.5268,-7.9557,3.5344,-3.7662,7.7535,0.1361,8.1506,0.2881,9.3742,8.6196,-0.2998,-7.9554,6.9581,-0.2837,6.9714,-2.1546,5.8499
7.9756,-3.7486,7.8611,8.5801,-4.2980,3.7501,-7.4499,-5.7114,4.0486,-5.3208,0.1572,2.5209,2.0787,3.6348,2.2220,-2.6090,9.9224,0.4745,-1.3052,-8.9176,6.3654,-9.3174,1.9409,-1.5427,8.0568,-7.6025,-1.4925,-1.8187,-5.8109,-1.9409,-4.1057,4.3368,7.9033,-4.1566,-0.0601,-8.9642,-3.5314,-8.3693,2.1486,-7.4552,-9.4158,1.4030,-6.5099,-0.8229,4.2842,-3.9339,0.9937,0.6290,-8.4118,5.4051,1.1040,0.6827,-0.4616,-4.9569,0.8849,5.1204,-7.0539,-4.3840,-7.4278,7.3531,-6.0145,-3.6648,2.8911,-3.7961,8.5303,2.3470,2.8339,-8.1732,6.8677,-3.4449,-6.1890,7.7753,-0.6056,-2.1506,-8.0893,3.2335,-9.6231,-8.4937,-2.3410,6.9911,-3.2057,-2.3642,-5.2311,-7.9000,5.2267,8.3468,2.4747,-4.2933,-1.3863,9.8449,1.9639,-3.4436,-0.4860,-9.1309,-4.4828,-6.7827,4.1535,-6.0162,0.0964,4.1135
-1.9366,1.2853,8.4714,8.0532,-5.1223,-1.3215,1.0075,-5.5925,8.2107,-3.4593,-0.4298,-3.6127,-8.2187,-4.9823,-0.5589,-2.9763,-4.8312,1.9018,-1.1679,1.8957,-9.4728,-3.5061,-7.1587,0.6156,-2.7906,-6.7077,-8.0808,5.6638,-1.4068,0.8606,9.8070,-8.5299,1.2058,6.3322,7.4631,-3.7379,-8.9885,-0.4535,-4.4823,6.9506,-5.8158,8.4612,7.0099,7.4222,1.6237,8.1976,-4.2160,-8.9905,-1.8941,-4.1262,-5.6172,-2.1421,-4.7903,-1.4085,-9.5117,5.0645,7.9771,0.9826,-9.7201,7.6011,5.1113,-2.3264,8.6773,-4.4842,-1.5248,7.0330,-6.9040,-1.8866,-9.7210,7.8500,-0.6915,-2.3730,9.5873,-6.8226,-9.1524,-7.6462,-8.3919,2.4421,-6.4943,7.3573,0.8859,8.4834,1.8980,-1.9361,2.4141,9.6130,7.3572,1.8850,-2.9470,8.4285,-3.2777,6.3601,6.1627,1.4206,-8.6931,8.6089,-6.8085,4.1393,7.4842,-2.0801
9.6484,7.2768,3.0725,-0.7635,2.9867,9.9841,9.2065,-2.0473,-5.3968,4.5671,2.8356,-6.6607,0.4916,-1.2235,-2.2198,9.0370,-0.7300,-6.5075,-9.2035,1.2131,9.7483,-4.7105,-5.7414,-9.9526,0.4607,0.5913,-1.1935,-0.6673,-8.3624,-9.0054,-8.2199,-0.4271,-0.8290,-5.6081,-3.6417,-4.9558,-0.2481,-1.1821,-3.2085,4.0070,-2.5062,0.9595,-3.3457,7.5936,-8.7287,1.6148,-2.3927,-1.5605,5.8839,9.1310,-1.9990,-3.4860,9.4824,8.9450,1.5857,-0.1748,8.4399,-0.9296,-6.7289,-9.1896,9.8641,-5.3607,7.8212,-9.0201,-0.2749,-5.0602,0.5824,4.4442,2.3041,1.7064,-0.8955,0.1561,-8.3197,6.2947,-3.1752,0.1520,-0.3240,-9.6993,-9.7607,1.8390,1.1440,-3.8336,-0.8921,1.2608,8.6435,-4.6215,2.2808,6.0544,-7.8024,-1.3318,3.0846,6.3362,-2.4515,-7.2696,-6.0705,-3.6146,7.9744,6.1780,-0.4941,-6.7835
0.0804,-9.7432,6.0442,3.2249,8.2671,-2.9623,-6.4940,-7.0427,7.8547,-6.9659,-5.8633,5.3871,-4.4312,1.9722,0.5360,0.6087,-8.8797,2.0470,8.0508,-3.2404,-6.5637,2.6963,2.3290,1.9443,-8.8363,9.4243,5.1821,-9.8253,-0.9461,-7.5520,2.5578,-5.0936,-2.8468,-2.6068,4.1003,-8.1484,-7.7942,-0.4844,-7.8808,7.2635,8.2006,-0.7339,-3.8997,7.5643,5.1830,-2.5752,3.8648,-4.4243,-7.9337,-3.8777,6.2631,-0.3921,-4.5251,9.6263,7.0238,5.7403,-6.4711,-7.1354,1.3260,0.0227,4.0055,-3.6283,1.5105,6.1191,8.6265,3.9919,7.5961,6.8109,-5.6716,-2.1893,-8.9972,-4.3905,-4.3556,5.7911,8.0809,-7.3867,-0.4193,1.0362,-9.4846,7.9172,-1.5840,-9.6169,4.8351,-1.3144,-2.6481,-0.3962,-3.2605,-7.9151,-0.5599,-5.9708,-5.9970,-0.5635,1.5671,0.6140,-8.8596,-1.5371,-3.2177,5.0983,6.0738,-8.6628
9.1225,5.3417,0.4794,2.8549,3.5394,4.9926,0.0995,-8.7850,-5.3519,1.7126,-1.6279,-5.6362,3.1299,4.2904,0.6319,7.7396,3.3230,6.5453,5.2012,-5.3202,8.5300,-2.5422,9.2509,4.7984,9.0524,6.8734,8.7307,-5.9757,-6.8081,-0.0627,-5.3611,-3.6734,-6.7825,13.5831,9.5726,2.7559,8.7689,6.0109,4.6088,6.4102,2.3526,3.9784,-7.4794,-6.7909,8.3580,3.9164,9.4116,0.6118,-6.5487,-1.9070,-1.9194,-8.2550,-7.3372,-6.6743,8.8487,8.6495,-2.4798,-9.7927,-3.4062,3.9318,7.4658,7.0591,-6.3807,8.9752,8.3974,-9.7209,2.2540,-9.4844,-6.0893,-0.1028,-6.3398,4.2338,5.7297,-8.5598,0.3273,1.0606,-2.1784,9.1109,-5.9883,-7.5643,-4.4885,-7.9704,-6.4959,-0.3019,-6.0565,3.4413,-8.9499,-3.2212,2.2130,3.2365,-8.1018,3.9208,4.6063,8.6801,-8.0989,3.8706,-5.2789,8.6740,4.5910,7.7039
-4.6386,-9.6069,-0.1721,7.8007,0.6293,0.8994,3.2646,7.5737,-1.4291,3.1347,-0.1906,-1.4118,-8.1128,-5.0583,-6.5075,-6.8824,5.6106,-0.7806,-8.2949,0.9081,1.8250,0.5828,0.9725,-0.1000,1.2329,-3.0862,9.0906,7.2453,7.9137,5.7611,-5.9096,0.3889,-3.5573,-9.9423,1.9600,1.4561,-5.9120,-2.0936,-1.5092,-1.1947,-6.0597,-2.5195,8.3251,-1.1391,6.2313,5.7503,-1.5216,0.7240,-9.0739,-4.7515,6.1381,-6.4480,3.9838,-8.2114,-8.4818,2.6990,0.8774,0.2387,-6.7213,9.5724,6.1714,9.2546,4.4184,6.4444,2.5411,-9.5360,2.6864,1.6800,-4.1725,5.7714,-7.3684,2.0288,0.3383,7.6952,4.1184,-4.7007,1.9725,5.7807,-8.0907,9.0338,-9.8923,-7.0994,-4.0622,-9.6345,4.0805,-3.6778,-5.2011,0.2189,-1.2384,4.4665,-7.5619,-0.9178,0.2681,4.1986,-5.2067,-2.3654,-1.0731,0.3088,-0.1040,3.2938
2.4121,6.5657,-6.4571,-6.3411,9.2082,8.9686,-4.6160,9.8390,6.5498,-5.5394,8.8022,3.9600,-0.6454,5.2832,2.8165,-3.3243,2.4896,-7.0820,-0.6141,3.8487,-9.2917,0.3249,4.3504,8.9623,7.6863,-5.4240,-9.9510,-9.2227,-2.1125,5.3608,0.8333,-3.8246,-3.4219,-9.4001,8.9745,-6.0630,-2.0402,-0.9845,7.3824,-6.2777,5.1462,7.5768,-3.6482,1.6496,-4.9162,-8.3257,-8.9126,1.7505,8.6987,-6.5478,3.9382,-2.2276,-6.7086,-5.7472,1.1329,-9.3386,-3.4665,5.5236,-7.8406,3.0581,6.9029,-2.1759,6.0848,-6.5286,-7.6994,2.7192,-9.5469,-5.7396,-6.1144,3.4558,-9.1181,9.6926,-0.0103,-4.6437,5.2098,5.1012,-4.1460,5.5855,8.1788,-5.7615,-5.5006,-7.0721,1.3994,7.3650,7.1497,8.9512,4.6361,4.1441,-3.7165,3.7652,4.2572,-3.8684,7.4318,6.5137,4.7339,-1.1544,-9.3201,-8.4118,1.2613,5.0115
3.6066,8.4011,-0.2306,-5.7290,4.7833,-2.3387,-4.4000,-2.9396,-0.1135,8.9385,2.6089,0.2112,-9.6861,-1.1387,-1.5043,9.8037,0.1015,4.0834,2.8213,-4.7484,-7.3787,-6.9168,1.4401,7.4029,4.3295,-4.6066,-8.8555,-8.0070,-8.3162,-2.2770,3.7985,4.1473,-0.0189,7.4076,4.2008,-1.0818,-11.7070,3.6703,-3.3170,-8.9402,7.3188,-3.0143,-2.7343,5.4782,-3.2816,-3.4140,-3.3535,-2.1071,7.9638,4.0742,-0.8501,-7.1373,-6.5208,5.6062,6.1382,1.8158,-0.9443,-3.2580,-0.7846,-8.6264,-3.4783,2.2715,3.8689,-0.8162,-9.9726,-5.8106,1.1031,-7.4438,9.3804,-4.0163,-1.9677,3.6658,-9.4903,-8.4977,-2.7769,3.8992,2.8606,5.0721,-5.4427,-0.0755,-4.1351,-0.8611,-4.6268,-5.0939,2.5090,-9.0893,-5.5637,-6.1442,3.9565,-8.6422,3.0635,-9.3028,-0.8247,4.6730,7.1631,2.7427,4.0414,-3.9291,6.2568,-2.1069
8.4835,3.8957,6.9089,-3.7849,-2.9888,9.9283,4.4141,3.0593,0.1822,4.8902,0.9734,-8.8632,0.9323,7.1070,-5.9550,-6.1815,9.7170,-0.1921,-5.1250,-6.6144,-6.5566,2.2496,-2.4697,-1.0150,9.7574,-4.4051,-0.0435,9.9108,-4.8962,-8.9753,6.8660,4.8559,-0.7767,-2.0514,-0.9433,5.4927,-7.3040,7.9239,-0.8972,6.3346,9.4090,0.0442,-3.8741,9.1043,3.3623,-9.0822,-9.6816,4.7476,-5.1315,9.4640,-9.6076,3.5676,-7.8346,-6.3264,3.0882,6.4051,2.5673,-3.9725,9.4904,-9.6845,-8.1186,4.5791,3.1856,-8.3129,0.0924,-1.2313,5.5819,6.8766,-7.2576,3.9600,-4.5389,3.0141,8.3002,0.3124,-8.4173,8.5846,-8.8031,-1.5537,8.9771,-6.6421,3.6408,7.7956,0.7797,9.5033,-4.5711,9.9117,-2.9626,-5.3071,6.7856,-0.1280,-1.9846,-0.2904,8.3193,8.1894,7.0476,8.4528,-6.4287,-3.6948,1.9480,-0.0648
2.2952,3.4446,-3.6411,-6.4516,2.3065,5.5234,-1.1720,1.1988,6.1947,-0.0524,2.7318,-8.4866,-1.8501,-5.4411,-8.7258,4.0635,9.7041,-6.0443,-6.7111,-0.5241,2.4307,1.9258,-3.3328,-3.2709,0.2167,1.4778,-1.4742,2.5541,-1.3601,8.4832,-3.3750,-3.3760,-9.2692,2.1567,9.0981,6.2604,6.3140,-4.2591,6.6714,-2.6703,7.2904,-1.6753,7.1656,7.2810,9.4360,-2.9419,1.5220,-3.6108,-6.0211,-9.4138,-8.6367,2.5493,-7.5836,-3.9192,-3.5318,-3.6484,-0.0753,-5.8178,4.9165,2.5310,2.9285,9.6926,-4.7673,-1.2357,-8.4927,-8.3368,0.9693,-1.5752,7.9367,3.6572,5.4338,-9.2499,8.0235,7.2572,-5.0445,-8.7671,-1.9753,-8.5176,-0.4529,-1.4513,6.5096,-4.5976,-1.8236,-6.8993,-8.5511,9.5928,8.5862,4.1817,5.1586,3.7726,-0.5802,9.0794,1.6069,2.3923,5.9557,-6.1533,-0.1732,1.6735,-7.7447,-4.1758
6.0752,-9.8690,0.7650,-1.3086,7.3539,4.8584,-4.4802,4.4660,0.2315,-1.4766,-1.7309,-2.7215,7.1161,-1.5663,1.2221,-8.0761,8.9365,-9.6211,8.2540,2.4703,0.8349,4.5430,9.4442,9.6520,-8.0306,-4.6418,1.8574,-6.2497,1.9715,-8.4024,-8.5342,3.0162,-5.1378,-0.8368,-7.7922,0.2344,4.5975,4.9404,-8.3170,-0.3266,4.9079,-2.1926,1.5588,-6.7329,4.2693,-4.9676,-0.9709,2.3299,5.4699,-2.6708,-6.6778,-4.6348,9.2401,-3.8122,-1.7446,-7.1493,-0.1869,4.1874,-6.8542,-6.2175,-1.4612,-9.9963,-0.4607,-8.8030,-1.5852,0.5258,2.1593,7.9149,0.8729,5.8160,5.0767,-1.5171,2.9507,1.2508,0.7513,-0.6536,-8.6556,-0.1526,-0.9769,-4.0015,-3.5786,3.7634,5.2190,-4.2866,-9.7592,-0.9071,-2.3171,7.8239,6.3937,-5.5429,-2.3866,-0.4906,8.5993,5.5555,-2.8637,-3.1971,7.6733,-1.6906,-9.7757,1.9835
-8.4166,-0.2786,-9.9584,4.8185,-4.2291,-3.7012,5.2288,8.5593,8.3982,-1.6809,-2.9108,6.5086,-0.2565,6.5510,3.9376,8.8622,-8.7664,-5.8131,-4.0576,2.6798,2.5583,-9.4893,0.0564,-4.7344,9.0593,5.2293,8.8644,8.4884,-4.5874,7.1046,-4.7709,-6.5592,1.5510,-5.2254,7.6536,-7.2994,0.0836,-7.6222,5.9821,-4.7574,-12.7554,2.0266,-7.8417,-4.7633,-9.9886,8.0331,4.9067,-8.6143,3.7546,3.7192,-4.0638,8.6358,1.7229,-5.1502,9.8735,-3.5430,-1.3753,-9.7501,9.7656,8.0789,4.9989,6.9639,4.0044,-4.1860,-9.1496,-6.0841,8.0917,3.5928,-0.3559,-6.0824,5.7252,-1.3611,2.4127,-5.3952,9.8062,1.0585,9.1680,9.6257,6.2580,1.9438,5.3344,8.1071,-0.5663,5.5946,0.3573,-2.6491,-9.6882,0.0480,-6.9850,-5.3527,-1.1572,-4.5459,-2.7746,-4.5953,-5.0082,3.1786,3.0001,-0.0585,-9.9748,-7.7271
-0.5173,3.4831,-5.6215,2.4192,-7.3873,2.0812,-0.1960,3.5677,4.0250,8.4760,-7.5472,3.4091,-2.3480,3.0355,-4.7541,-5.5752,-8.3361,-4.5946,-1.8753,-9.8019,2.6213,-7.7258,8.5742,-4.2999,-7.6204,-6.1564,-9.8639,6.5754,-8.5699,-4.4235,6.9605,2.7300,-9.8601,4.1679,8.9963,5.9066,-8.2355,-5.7202,9.5514,-5.7252,2.6911,9.2714,-1.9881,4.3481,-7.9694,-7.3826,5.2687,-1.0980,5.2266,0.2077,6.2962,0.0985,-1.0820,-9.4322,-2.0063,-0.8057,-3.8291,-3.4538,-2.4119,1.7110,5.7291,-4.1826,9.8013,-4.1962,-9.3289,-7.4995,-2.6972,-2.5014,-7.6284,0.3830,-6.2932,-8.6220,-1.2762,4.1680,-8.6024,9.2332,7.9643,0.4676,-6.6219,-5.0325,-7.9527,9.5433,7.8904,-7.0583,5.0475,6.4931,5.1994,-1.7132,-8.2141,-2.0407,-0.4239,1.4204,-1.8913,9.7566,-9.3425,-3.7878,1.9359,5.5460,-4.0490,9.7375
4.6667,-2.5971,3.5724,7.1336,2.0981,5.3495,8.6215,-8.0304,-8.9109,-4.9371,0.0699,-7.4674,-5.6725,2.0949,-8.2141,5.3704,3.2964,-3.1833,6.4268,-9.7929,8.6900,9.9406,-1.2371,-3.0053,-1.8007,2.6325,-6.8792,3.7556,-7.8785,2.1133,1.6520,1.8509,5.7648,1.4260,-5.0730,-3.5585,7.5423,5.2022,2.6223,-7.5554,-9.3854,-6.5488,0.9149,-7.6284,1.4949,-8.0268,-0.8348,-5.7283,2.1963,-6.1050,-3.5832,-8.9692,2.9750,-8.2927,0.3434,4.7842,1.5569,-6.6245,-5.0231,8.2771,-6.1934,7.2199,9.5701,-3.7247,-7.1298,-4.1911,1.4258,9.9960,1.1394,8.2771,0.0438,-3.7122,0.3204,-7.5005,-2.4526,-5.8848,-9.1253,4.0080,9.8554,8.5569,1.9579,8.7468,3.5444,0.3513,1.9434,7.9664,4.7918,-0.0840,-0.1326,8.9981,3.4257,9.8868,-3.4463,2.4368,-5.2351,9.3923,0.5207,-8.1693,6.4722,5.3308
-7.2328,3.7994,8.9489,1.6250,-5.9870,8.7961,8.7006,-1.3735,9.9499,-6.4310,-4.1911,-9.6451,5.1712,2.9626,-0.7608,-7.1148,5.4960,4.6824,-6.3224,9.8693,6.6693,6.4141,-4.8861,8.2827,2.3009,5.2938,7.2196,4.4395,5.7110,6.9826,-5.7451,-6.6676,-1.8999,1.0593,-8.6917,-8.7506,-2.6465,-0.4687,-5.0844,-1.8991,9.3870,9.8279,-1.1495,7.2950,-2.9665,4.1369,3.4110,3.2040,2.7889,2.4444,1.4134,6.7659,-4.7702,-0.5979,5.8584,-3.6251,-4.6022,-5.5081,-4.2959,4.3078,-0.1718,4.3624,2.2111,3.6784,-0.5592,-4.6242,1.3185,0.6746,1.9434,6.9640,-1.1945,0.4031,-4.3555,7.5773,2.1815,9.7456,6.6978,-9.2990,-2.4106,4.4900,-8.5298,-3.9713,-5.4220,-4.1256,9.0982,4.9875,-8.7687,0.2744,-6.1290,-0.2805,-5.2776,4.5167,-7.0134,0.7210,-0.7469,-3.3285,4.7819,-0.4657,5.8581,-7.8606
-6.8641,0.9743,4.3389,2.9687,-5.4539,5.1327,-7.2810,-3.8140,-1.9112,6.1894,-2.6695,2.2318,-7.2725,-4.9341,-8.0874,-9.2256,6.2563,-5.8024,-7.2663,-8.2559,-0.5077,8.5628,-6.4915,-5.3249,-5.0877,1.7026,5.1022,3.0143,3.8561,7.8384,-6.3663,-2.3643,-9.6882,3.2303,3.7366,4.2299,5.2934,-7.1761,-4.8711,4.3621,-8.3672,9.7866,-3.1690,9.4386,-0.2566,5.1180,-9.8732,4.6233,5.6328,8.8343,-6.2555,-9.8313,-6.8700,-7.6946,7.8994,7.6609,-4.2253,1.1246,4.6641,7.7526,1.6585,5.0343,-6.9481,2.0919,5.9518,-1.7786,8.7047,-8.2623,2.4348,-8.7212,-0.8460,5.1824,9.7165,-9.2163,6.9315,-1.1110,-1.2478,6.4706,0.6429,-3.8084,5.8163,-7.6332,9.4704,-1.2476,-5.4550,3.3484,-2.1919,9.1382,1.6529,0.1969,-6.3498,-1.3720,-6.4045,-9.5451,-1.7557,2.1215,0.4755,-6.7938,-7.9484,-5.6624
5.6831,6.4755,-2.2371,-4.8035,1.6638,-9.5885,-8.0775,8.9217,5.5260,-6.8906,2.0615,5.2693,1.3094,-2.8682,0.3782,6.3221,1.8428,5.7680,1.4168,1.8157,-6.0828,-1.5735,-6.8499,7.7356,-0.5674,-3.8956,-7.8199,-2.6082,-4.5564,-7.5037,-8.0832,0.8173,1.8545,-7.1961,-4.8134,-6.9255,-0.0252,-3.9521,-0.3432,5.8545,-2.5759,-5.5916,-6.4483,-7.3170,-3.8346,7.1175,-9.6415,-4.3177,-0.1807,8.9686,-6.5861,4.3910,-6.9797,-3.1960,-9.0947,8.8106,6.0623,-5.4182,-7.2275,-9.0136,-5.7663,-8.8113,-2.6956,1.8189,-5.4640,-4.8787,3.8410,-0.3763,-9.3536,3.4480,-7.2312,-5.0722,-1.9640,2.0452,4.8093,-6.6407,8.6513,-2.1915,9.4936,8.9016,-6.0213,-0.0601,-1.7815,0.8445,-0.4995,-0.7389,-2.2797,-8.0293,-6.4568,2.8365,6.5111,3.2227,2.1752,9.9301,-3.9453,8.1672,9.0569,1.2065,-2.3077,-2.4635
9.9642,-9.5108,9.7511,-4.1076,-0.8518,-1.2440,-9.8923,6.8665,1.4446,-8.8099,6.0045,-0.3606,3.6124,5.7236,-7.2171,-3.1719,5.1848,-5.5265,-5.1675,-3.1569,8.3793,-9.1824,5.2970,-9.8213,-9.7925,-4.6735,3.5914,-9.7740,-2.9247,-8.7123,-7.3969,-5.0332,0.7854,7.2180,-9.5895,-7.8478,2.9947,-1.3116,-2.7819,-4.1119,-7.2065,7.8515,5.3471,2.1759,-1.7718,-7.5388,5.5228,-6.1435,-0.0250,4.0066,5.3915,-3.8710,3.6577,-9.5581,-2.0699,5.8999,-8.0422,2.9902,1.1499,1.1214,1.6340,-5.1674,0.4028,-1.4977,-7.4935,4.1214,-3.2152,-9.4779,5.3794,3.0019,1.4968,4.9916,-7.1778,-9.5871,6.8290,-1.6654,-1.3479,-7.5676,8.1530,-0.1097,-0.6294,-9.0340,0.9023,-1.3788,6.6483,-8.9507,-1.1281,-3.5912,-5.4521,9.5953,-0.1103,-2.6245,5.1162,-3.5962,-7.1651,-1.4388,-8.8730,-4.9854,8.0631,-0.6360
7.3634,-3.5933,7.9163,-2.9457,4.5636,-2.3965,-7.9877,6.5505,-2.0384,-1.8899,-8.0550,0.2557,-8.1920,-2.1320,3.4895,8.1439,-8.1549,9.9463,-0.4786,-3.6390,7.3661,-8.9400,-9.0316,7.8462,-0.0834,-8.0544,-3.4037,7.0758,1.6842,-8.2134,5.8638,-1.6363,5.6055,9.1391,3.0975,-7.4057,1.0159,-8.7448,-7.2846,-8.7084,-0.1270,4.3746,-5.8705,-0.6786,-2.1010,-3.8614,-9.7379,-12.5258,-4.9148,-7.3502,-7.1039,5.1030,-7.1061,4.1412,2.3495,4.2686,-1.3538,4.3026,-3.7725,-3.2433,6.1422,-8.5270,-7.0144,9.7506,4.3254,2.9116,6.3258,1.5003,-5.1571,-9.3780,-6.4889,4.9427,-0.7245,-9.6339,-7.9376,-2.9704,-3.6595,9.2585,6.1683,-1.8291,-9.8978,-6.2241,4.4591,-7.2719,-1.0032,-8.1589,3.7030,2.3020,-5.8950,9.8894,-3.6563,9.3448,-6.9420,4.5134,-3.9505,5.5548,6.1952,-3.0243,-8.7692,0.3899
2.3306,-5.5614,7.9961,-4.7266,-7.9122,-3.5813,-9.4771,9.5197,-1.0442,-2.2732,9.8036,-8.9327,9.2889,-5.8435,8.9736,-7.2279,-9.8422,-3.0520,-8.5315,-9.6244,2.1906,-5.3176,2.3552,-3.1284,-5.6422,-7.6111,1.7389,3.7668,4.9078,-7.7350,1.2332,5.1102,4.1073,-3.9897,-0.1076,4.2479,-2.0441,-1.9673,9.6183,2.8290,-2.1390,5.5119,6.8522,-8.3018,0.3574,1.3517,0.3729,8.0577,-9.5091,-0.0487,9.9751,-1.6436,-3.4284,7.3253,-4.7726,-9.0293,-4.7699,5.7426,4.3284,-6.1316,0.3890,-8.5120,6.8264,-1.2681,9.6184,6.7928,-8.0588,2.2520,-8.2990,1.0234,1.1687,-5.4032,2.0892,1.8776,-8.0925,0.8428,-4.4953,6.0852,4.8016,6.7830,4.1865,-8.1534,9.1760,-6.2459,-3.9347,-0.5522,5.4804,9.8689,4.7911,-8.7616,2.2373,9.9428,-7.4643,0.5134,2.0438,-8.1132,-9.9060,8.1094,9.0196,-0.6712
-9.0287,3.3705,9.1745,7.9778,1.6558,0.4046,-7.4235,-6.1608,-8.1187,-0.8181,4.5257,-5.2115,2.1595,4.3831,7.4231,4.0194,-6.3689,-4.7607,-2.7921,6.8749,1.7383,5.8837,-9.0544,-7.8119,0.4469,-5.5975,8.0429,-6.1993,1.2255,4.1152,0.9021,-5.6808,-8.0596,0.5985,5.7293,3.3739,-9.7198,-3.7210,5.7191,-8.4573,6.5729,6.7039,4.7694,5.9030,-5.5015,2.2330,-4.9064,-1.8744,-6.2699,9.9012,5.2763,5.3022,2.3954,-7.0880,7.9016,0.5683,8.1197,8.4795,3.2017,-9.3855,6.0560,6.4512,-3.9604,8.0957,-4.5145,2.1576,9.6456,3.7182,-5.8715,9.6344,-5.7656,-4.0728,-6.0638,-1.1359,-0.6642,-3.7540,8.6997,-9.9202,1.7884,-0.5987,3.1888,5.0048,2.1457,-1.2827,5.7094,-0.4836,-2.9693,2.3085,1.6272,-8.4029,8.4438,2.3415,-9.0521,5.1149,-8.6733,-5.3729,-4.5422,7.2789,-0.2335,-7.7288
0.8917,5.7572,3.0722,-1.1364,3.8074,1.2385,8.7300,1.5446,-8.0051,-0.3731,2.1036,-1.1139,-0.4986,9.9434,7.9927,8.0539,8.6769,3.9156,-7.8729,-8.9167,-2.3006,-0.3346,-4.9105,2.6973,0.5686,1.8199,8.7066,-7.8473,9.7503,1.4032,0.3774,0.8755,7.4465,-6.8156,-7.3148,7.8352,-5.2207,9.8175,3.1098,6.1237,-2.5493,-0.8118,1.5973,6.5428,-6.8758,-1.6554,-0.5844,-9.4777,-1.3223,6.4230,-0.4556,3.7152,-6.6847,7.7624,-1.8728,-9.0783,-7.4997,-0.6997,-1.6587,-3.4934,-2.6079,8.5946,-2.2123,-7.1393,-2.4263,9.6816,6.7194,-4.7326,-1.5812,6.6100,-3.2661,2.8133,2.2629,-9.8335,-5.3297,9.3281,1.4853,1.6903,-4.5750,9.5857,9.5064,-5.9790,-2.1790,-5.9746,-4.7919,-3.1099,-6.8796,-4.0854,7.5626,-1.8830,1.7894,-7.4067,-4.0419,-9.8682,2.8880,-5.2767,-4.4827,-7.2196,-0.2341,-6.7851
-6.4713,5.4626,7.0500,0.9983,-2.1980,1.7730,5.1955,-4.7289,6.4652,2.6673,0.3709,-2.0275,-9.4586,7.7978,3.5997,-3.0017,6.8533,9.7606,-2.4357,-8.4812,-3.0708,8.3307,-6.8806,0.7151,-5.2362,4.7906,4.1705,9.4201,-9.3370,2.6914,-5.3547,-4.9228,6.6185,-3.6829,6.1705,9.2434,-7.4741,-5.7733,4.7717,9.3374,-9.8016,3.2824,-3.3052,-0.6849,7.0209,2.2992,-3.1985,-9.5955,7.6478,5.7663,6.1145,-3.4601,1.9048,8.0950,9.8200,-8.0590,-2.2445,6.8294,-7.9071,-0.6512,-4.4838,3.1601,6.2426,3.4858,-0.7406,-5.2660,-7.1136,7.7298,-3.3916,-8.0055,3.7424,5.9265,-1.7724,1.0647,-7.8283,6.2652,-8.6517,-7.3199,7.6136,-8.8045,2.3849,6.4643,2.7609,-3.7300,9.4284,7.1972,5.2268,1.0636,8.4234,-7.6717,-3.0261,8.5137,9.9977,5.8017,-8.4987,-5.9664,-7.6840,3.2899,-1.0314,8.2723
9.8759,0.1791,7.6844,9.3782,-4.3813,0.4199,4.5367,3.1766,4.0164,1.5397,6.6498,1.7867,7.3781,-2.7519,3.2235,-6.5058,5.9025,8.8149,-5.1792,-4.8968,5.4732,-5.4541,-6.1405,4.0302,-9.4962,-0.7797,-0.6086,5.2577,8.4136,9.2663,-4.1396,-4.9456,-6.8439,7.9988,0.3458,-7.7522,3.3170,-2.9117,0.2048,-6.0919,8.1472,7.6473,-1.5264,-2.5284,5.4986,-0.6983,3.6762,-4.4183,9.4176,7.6257,-6.6262,1.9326,6.8321,-2.4988,6.3568,-6.6309,-0.7798,5.5698,-5.1328,-4.2053,-3.1556,-7.2543,1.1220,-0.0895,-5.2395,-3.1192,2.8299,-7.1776,3.5067,6.3570,2.6932,-6.9799,4.4659,-9.8655,6.8541,-9.3424,-6.7048,-2.9746,-2.8992,6.0378,-9.7544,6.9458,-8.1288,-9.9462,0.8292,7.4557,2.4297,-7.9906,6.0266,3.5818,-1.9175,9.2818,2.6491,-5.8763,6.9988,7.5478,4.8377,-7.2766,5.1921,7.0313
1.9227,8.3343,5.7014,-5.2040,8.2025,2.1928,-5.5639,9.9131,-2.2799,7.6479,-7.3526,8.0024,3.0921,-9.8888,-5.4357,8.4062,-2.2923,9.2520,9.7323,7.1479,4.6987,0.0453,-3.8007,-2.8760,8.4496,-7.3442,-2.9842,-2.5022,-9.7053,5.9455,1.6505,4.1242,-4.5756,0.5791,5.7253,-0.9898,-2.2782,6.3991,-8.8871,6.6467,1.8160,0.3669,-2.7959,-4.3903,5.9456,-1.5372,2.2564,-5.7754,4.6373,-4.0704,4.3912,-9.3287,-0.7422,-3.3036,-2.3574,0.8630,-9.7466,-1.7816,7.7302,-1.4093,-6.6398,-1.8725,-8.4982,-6.0130,-4.4466,-7.4664,7.9709,3.3291,0.5773,-6.1156,4.0008,-0.8000,-1.2512,6.8960,9.1211,-0.2874,-8.0168,4.4489,9.6348,1.7506,-1.6804,-5.6207,-9.9674,-5.7637,1.6133,-0.3123,-5.6119,6.3165,-8.8422,3.5149,8.6548,8.7826,-0.2452,-0.9122,-0.3178,4.5704,-0.1234,7.7048,0.6103,-4.2598
4.2358,-4.4202,5.2742,6.8884,-4.6648,9.4126,-9.1380,2.2599,8.3177,6.8490,-5.6792,-0.4350,5.6641,5.0147,7.4256,3.5455,-0.1957,0.4572,-5.1229,-0.3239,1.7883,-7.6359,1.7174,-7.5699,4.2887,3.4160,7.5222,5.8661,-0.8066,-7.8061,9.7110,4.4877,6.9913,-5.3069,8.2134,8.5069,2.9905,-0.3576,8.5472,0.9654,-6.7837,2.2720,0.5298,6.1628,8.3233,-2.9359,2.7713,8.5491,-8.0432,-7.4859,-9.9992,1.0284,-9.2302,-8.6327,1.8079,-2.9671,8.6366,-0.6815,-7.5574,-9.3737,-1.4947,-3.3857,0.9062,8.1320,1.5143,6.1683,5.2360,8.3937,1.2764,5.2427,-4.3394,0.7013,9.5241,7.4213,-7.9331,-6.5534,4.6118,-2.9788,-0.5210,5.0461,0.0821,-5.8296,-7.8520,3.7472,4.0242,5.4126,0.9740,3.3753,8.5175,-9.4551,-9.5972,7.4514,-9.8396,7.3454,-1.2994,1.3280,-0.9282,-4.0197,-5.4283,-9.0825
-0.5132,4.0179,-8.4643,5.6745,-4.4524,8.1901,-6.1845,1.5899,6.4108,0.8625,4.4906,-8.2328,0.1905,0.7641,-0.5431,-2.4275,-6.6323,-3.1751,-5.3816,5.7064,-4.4466,-9.0658,2.7711,0.4702,-6.6687,-7.8404,4.7917,-3.5389,8.6711,6.0458,5.9691,6.9328,2.1941,-5.4282,-9.8018,1.6418,-7.9412,-3.4665,1.4178,4.7883,6.1910,1.4338,9.0271,-9.4857,2.7102,9.0536,0.8291,-0.4008,-8.4156,-8.8304,-1.4042,-8.1689,1.3860,-3.6966,1.4146,-1.1388,-3.7327,-1.6165,4.4958,-9.4684,-1.1164,-5.3785,-6.5458,2.5442,9.6970,-9.9945,-3.2916,2.6578,4.3177,2.9726,5.9080,8.7294,9.8120,3.1416,-0.8825,2.0282,-6.6677,1.9061,6.6075,-0.6587,-7.3214,-2.0094,-7.9919,-4.2286,-1.6908,4.0820,-0.2911,-4.1053,3.8091,-2.7791,-8.5082,4.9718,-3.9597,-5.8894,2.5575,2.0804,4.0998,7.2220,1.4471,1.5862
-2.3612,-6.7060,-1.5617,8.1697,-6.1555,-3.0324,7.1865,6.1218,-3.7910,-3.7599,-7.7193,5.2540,-6.7143,8.7168,-8.1527,2.8372,3.3901,-6.1341,2.8685,-2.8301,-3.8256,4.2448,4.2952,7.1951,-1.4587,1.1578,-4.3625,-1.7896,5.9303,7.6726,-4.0735,-5.8502,4.5178,1.0686,-3.4541,-9.3646,4.8520,6.6722,-0.1723,6.0463,-8.3646,-1.6734,2.4333,5.9928,-0.5160,6.8345,8.8537,4.8763,5.5747,3.9456,-0.6407,6.2963,1.2758,4.9034,5.2569,-5.0811,6.7380,-8.4710,9.5631,-3.6601,-5.7224,8.8063,-7.1084,8.2513,0.5510,-9.2722,-8.6926,0.5714,-2.6137,-4.2691,-3.5112,-6.7730,-3.9129,-6.3802,5.6995,0.3334,-4.5531,-1.3996,-0.0043,9.3699,-6.4440,3.6335,-5.2819,-0.3185,4.0323,-5.4719,8.9758,-6.2180,3.2749,3.5890,-8.3571,-4.5594,-8.3610,8.9713,-6.9987,-9.5619,3.3026,-8.7882,4.4247,-3.7991
-9.8044,8.1650,2.8474,7.6040,-9.5647,-8.8093,8.8501,-5.7958,5.7517,-0.7972,-3.1983,-3.5582,-3.3258,-9.9448,0.5216,9.4635,2.4092,9.7657,-4.5107,-7.0373,3.1826,4.2355,-4.8776,-0.8608,7.2610,-3.0404,-4.4000,-3.3473,-4.2486,5.5035,5.6545,-5.2929,3.2501,3.8902,-1.8391,4.3926,1.6158,-4.2052,-4.1858,2.0924,4.2182,6.7683,-3.3945,-2.7515,4.9752,-3.9347,6.2046,-1.7032,5.4777,-1.6348,4.2722,6.5693,1.3102,8.7051,-6.3638,-8.5517,9.3725,4.6089,-9.4995,-0.3089,-3.4289,-3.3902,-1.2839,7.0661,5.0780,6.1314,0.5307,6.4741,-5.4392,1.0693,-3.2104,-3.1716,-2.7495,3.8774,8.5202,5.0491,-7.0766,-1.0934,-0.2992,-5.8957,9.8261,6.5784,-2.9099,1.2796,-3.4501,1.6218,8.2238,-3.6231,9.9985,-5.9159,-7.5791,-3.2314,-9.8056,-3.5759,6.5371,-0.2001,-8.5552,-1.4512,9.4555,9.1850
3.8848,6.6336,0.0709,0.5513,2.2488,-4.4620,-2.4233,-0.5036,1.3932,-1.5247,-6.7366,3.5355,1.0304,0.3973,-0.6557,-6.7525,6.4357,-0.7792,-0.1351,-8.2954,2.4085,-9.2669,7.2519,2.5421,-8.8259,-2.7310,-2.4275,1.1807,6.8128,-6.9163,9.4092,1.4956,-0.8848,-1.8077,9.1126,0.8278,-0.7024,8.3951,-7.2953,4.5602,-5.4581,-7.0285,-1.2005,6.5413,-3.5863,2.5561,3.1108,-4.4923,8.5482,-6.4543,7.7073,9.0910,0.3637,7.1816,0.9168,-8.0284,-7.2823,-7.3231,0.4218,-9.7080,-8.0735,-5.5600,0.4920,-5.9911,7.1494,-3.4893,8.1001,-0.5766,3.1976,1.1182,9.2735,-6.9286,3.0884,-2.5028,0.7936,6.6701,-4.5051,-7.5558,-0.5908,-1.4964,3.8164,9.2250,-0.4656,9.4178,0.9622,3.2226,7.3893,-2.4803,-8.7468,2.1980,-0.3917,9.4581,7.8568,1.3840,5.9376,8.4515,1.6151,9.3439,8.4189,-1.2606
-4.6271,3.1811,-6.7845,-8.9793,4.2483,0.5396,-1.7992,5.0497,-9.1402,0.3968,3.5634,-3.8634,-0.0066,-6.3369,7.4851,-7.0202,7.7064,8.6960,-2.1648,3.3807,3.4151,-4.8226,-0.6054,5.7496,9.4242,-3.0903,-4.9964,1.3331,2.9002,2.9055,9.1516,9.9200,1.6428,2.4438,-0.1725,-8.2526,-5.6310,6.6825,7.0055,6.0849,-2.0892,3.5333,-7.8286,8.7954,-6.7656,-7.9744,-1.8105,7.3491,-6.5734,6.7844,7.4996,5.6653,8.9587,-4.7091,-6.0016,6.8099,-9.8149,-8.7955,-0.2481,3.9120,4.6318,2.1642,-0.0942,7.3297,0.0629,-3.3473,4.7525,-3.6520,-1.6715,-3.1083,9.1770,6.2029,5.7659,-9.1992,-0.7594,-0.0528,4.9435,-7.5500,8.7717,-7.7781,-0.1628,3.5552,-5.4002,8.5137,-1.2023,7.5252,1.0871,8.8350,6.2342,-8.4100,-1.5745,4.0838,3.7649,-5.5187,-5.4448,2.7917,-6.6747,9.5717,-0.6772,3.8027
-3.9301,-8.8534,-9.3441,5.4669,-6.2999,-0.9249,-0.7257,-3.0682,6.4725,4.1393,6.8707,0.1576,-3.9938,-5.9629,-9.9866,-1.7043,1.7056,-4.2715,-3.4901,5.8325,-3.6748,9.6261,-9.6863,-1.0214,-3.1293,-5.4249,7.4372,-9.2887,2.9410,-5.8527,7.5195,3.4268,2.7484,0.4048,5.0353,-4.3536,9.1706,2.3042,2.6122,-0.9485,-0.6937,2.4507,8.6654,2.8493,8.0303,0.4637,-5.6806,0.5487,6.6993,-0.0572,-5.1886,-2.5644,0.2612,5.6386,4.0458,3.2667,-2.2179,1.9993,-1.8158,-2.5644,-8.6719,-1.0666,-2.0686,-5.9173,4.0762,-1.0606,0.3285,9.3088,1.7934,-3.3654,5.2979,9.9468,3.8562,-4.8159,3.0368,-7.9995,0.4527,1.5014,-6.6439,3.0508,5.6121,-6.0355,5.0705,-6.6364,-9.2169,3.3665,7.5198,-7.7106,6.6080,-1.8738,-0.5976,-4.9059,-6.8886,5.7569,-3.1453,7.8827,-3.0717,-3.0154,6.9569,3.3200
4.0116,2.4227,-5.4675,0.9389,3.4769,-1.7075,5.5531,1.0105,6.6218,-1.0435,0.5106,-6.0872,-2.3573,-7.9134,-8.1349,-9.9783,-0.5850,-8.0421,5.0438,-0.0417,1.0332,-6.4536,-6.5666,-1.1120,0.8598,4.4108,9.3942,-4.5092,9.0538,-9.3393,-8.8603,-5.7294,1.5723,3.1000,0.7658,9.2549,6.6020,1.5022,-0.5791,-2.8854,1.6906,6.0470,0.9870,-2.9692,0.7841,5.6734,1.9545,-1.9736,-1.6491,6.8718,-0.1485,-1.7479,8.5594,-7.2583,9.5440,5.6681,-5.0410,3.9733,-4.3150,-8.7744,-3.3423,8.6531,-0.1868,7.6856,6.9417,3.2864,-4.0983,-5.5513,-4.7261,6.1348,-0.8073,9.7235,-2.7800,4.5385,-8.7111,-5.4817,-4.7922,-2.6134,-2.7318,-4.1722,-6.3251,0.5325,-7.7609,-4.6350,-8.3259,0.5454,1.0509,8.3992,-4.1478,-8.0395,8.6350,2.6436,-1.5445,-1.2795,-2.3325,-0.1216,-7.7405,-8.9733,6.1089,-6.1586
-0.0301,-1.8302,5.1202,-3.9897,3.9893,-2.8858,0.0943,-9.7341,0.1855,-8.0268,-4.7447,1.5569,5.6985,-5.9858,9.4398,-9.1140,-6.4850,-0.1563,-4.8837,2.7903,-0.1728,-0.7852,-6.5048,7.7578,3.1265,-3.1166,8.0130,-3.2624,-0.1686,-3.9863,2.9338,-5.5368,-5.3803,-2.6378,-4.8019,-9.6779,2.3736,-2.3457,7.0423,4.7622,3.1188,-3.9860,9.0320,6.1561,-3.9591,7.5657,-2.0884,0.4397,-8.1470,5.9114,-4.9002,-8.5813,-2.1429,-6.7118,-6.4520,0.2548,3.9296,-0.2959,0.0679,1.9460,-4.0533,-3.2172,1.3231,-3.4212,1.5284,4.4305,-0.5679,-0.0932,6.5295,-7.6752,-1.9790,8.1179,8.7906,-9.4810,2.7335,-4.1039,4.0301,-1.7540,5.6494,-4.2956,5.9047,2.1623,-0.0872,4.8472,-5.2946,7.0838,-2.3370,3.8177,-5.8857,-7.2466,0.7864,-7.4937,5.9277,-9.0154,2.5628,0.6180,2.1868,-6.0829,-1.7926,-0.3387
5.0775,5.5527,1.6240,-3.4072,7.3437,9.6625,5.0323,7.0563,-6.8524,5.3450,8.5126,-7.5670,-2.0203,8.1156,9.1186,0.8211,-8.6430,8.5351,-3.9544,-3.4604,-3.6965,-3.4496,4.9460,-1.0977,-9.4450,4.4418,8.6168,-2.1426,-6.9812,-3.0417,-8.5884,9.4000,-5.8402,3.8638,7.3542,3.7005,-1.7272,8.3241,-6.3079,7.7312,4.6047,-8.4719,9.5464,4.4532,7.3004,-0.3509,-0.5555,-9.3192,-4.5780,1.1093,2.5130,0.5859,6.4732,2.2615,-0.3646,0.2561,-1.3827,-0.0690,-4.7012,5.9276,6.1731,-3.2070,3.1542,1.1312,1.1165,0.4946,4.3476,-3.9664,8.0792,-2.8654,1.5138,1.0284,-2.9051,-9.9381,-6.9032,-9.8640,0.5612,-9.3495,-7.0615,7.5009,-8.3134,9.8175,-2.4988,0.5108,-1.6232,9.9397,-6.0786,-4.0583,9.7185,0.6172,5.9523,1.7032,-0.9492,-9.5455,-6.8575,-8.6551,7.7794,-1.9270,-0.2299,7.5256
-4.1136,-8.3746,0.9583,-5.9757,-4.0302,3.1459,-9.2459,-9.4911,4.6091,0.1441,-4.8121,7.0934,-0.1018,-5.3150,3.4993,-0.2106,-7.8052,6.1207,4.2933,1.4860,-6.9726,0.2724,1.1047,4.2480,-2.3020,-8.0447,4.6735,4.2110,-9.9536,-1.5919,-0.2963,-8.8511,-5.2869,1.9414,1.0033,5.3434,-9.3850,-6.0292,8.3675,1.6099,4.9546,3.8312,-5.0580,2.6492,4.0714,-8.4014,-4.3671,-4.4593,-8.1554,-3.2118,-9.2470,-4.4031,-8.3935,0.9689,5.8696,-2.3265,9.5266,0.8982,-5.1704,6.3719,-2.3094,-2.8612,-4.9616,-3.0407,-3.7413,1.2167,9.1560,-8.1223,-0.4595,-1.4449,-1.8807,-0.6349,5.8949,-5.2151,-6.5352,-3.1474,-7.7224,-6.3250,9.9852,2.8534,9.0871,0.0858,1.6173,-8.6353,-0.9353,-7.6671,5.8955,-6.1447,-1.5188,1.1301,8.1427,-3.0620,-0.7562,9.8037,-5.0049,-0.8933,1.7868,-4.4793,-8.2165,-8.3774
-5.2114,-5.6230,4.2097,3.6038,-7.0551,1.6994,-8.6902,8.3869,-7.2252,8.4827,6.7382,-4.5958,9.4807,4.8419,-8.0892,4.9003,-2.7617,-8.2859,-7.1091,0.3596,9.2480,9.4053,3.4567,-0.0054,4.9544,-5.1022,-8.2808,-2.2913,0.3493,2.6373,8.6365,-1.8608,-4.5356,-0.5466,2.6570,7.3233,0.1674,6.2240,-4.8505,6.6420,-0.3722,-2.7376,-6.5402,2.7194,6.0442,8.9136,-7.3740,-9.3405,2.4995,3.9895,1.6975,-9.4917,-7.5611,-5.0324,5.2427,-2.0189,8.6679,-6.7427,-3.5776,1.7029,6.6945,0.6548,-4.7324,-2.3849,-0.2123,-5.2958,5.2607,-8.4272,-7.8550,-7.9089,-5.3266,-3.3889,5.3024,4.6300,-1.0923,-0.8288,-0.4784,-8.8148,6.1593,0.4141,9.9095,-3.7965,0.5924,-1.9646,3.9232,3.1122,-5.0903,5.5279,8.3247,-3.6532,-2.9158,1.5485,2.3412,-9.8381,-0.8399,3.4097,-0.7295,-0.9874,1.8302,5.0415
-9.3417,-7.1332,3.5965,-5.2174,6.7846,-6.7294,4.8530,-0.3702,4.5558,-8.9182,-9.8357,9.3044,1.5189,7.7627,-9.6976,-7.6968,7.5250,-4.9984,-6.3795,2.5967,-9.5580,-7.9784,-1.1082,-8.7991,-6.5292,-2.8208,-7.4322,8.2228,-1.8994,4.0956,-6.9230,5.5557,2.2763,-1.0258,3.5786,-5.1856,-4.8948,7.7034,-3.8299,7.0259,-7.9633,9.5587,9.9859,-4.2591,5.8874,-5.6111,-2.2771,-1.5064,3.1014,-4.7514,-9.7167,9.3683,7.2670,1.2366,6.9393,3.9030,7.9869,9.0056,-3.9632,-0.0904,-5.7282,1.5440,7.6195,6.1288,-0.6721,4.3495,-6.6983,7.9940,-9.3012,-2.3835,5.9610,7.5041,-6.8149,8.3107,5.3190,8.4132,4.4937,-1.9326,-8.5260,5.6457,-8.1809,4.4781,1.0254,-2.2176,5.1370,-2.9505,4.3535,-0.3233,3.7246,0.7660,2.1788,-9.8146,-5.7487,-4.7553,8.6174,-1.8141,7.0830,-6.6651,5.0247,0.2390
0.9526,2.3800,-1.5138,-8.9070,-4.4009,1.4117,-0.3296,-6.0179,3.8563,-7.9524,7.9200,-1.9226,-6.5720,-1.4182,4.3272,5.6961,8.8984,-7.8495,5.5262,8.9262,0.5977,9.4529,0.2791,-6.8192,-2.0245,0.5977,-3.1849,0.3616,0.7463,-7.7157,6.4119,-1.1666,-5.0037,0.6458,-4.4084,-4.3676,-5.9764,-2.4700,-7.9555,3.2847,9.4831,-6.0613,-2.2248,-4.9387,-4.2060,-5.8031,0.0588,2.7773,-8.5302,-9.3850,-8.7116,3.6139,-8.6726,0.6489,9.2938,2.7919,-3.6102,2.0498,9.5328,-0.9760,9.5467,-0.7276,-6.1410,7.1556,-9.8080,-5.2106,-3.9648,-2.0899,8.0357,3.9599,9.3914,4.8035,-4.8126,4.6822,-6.8428,8.0089,-0.9124,6.9386,9.3551,3.4612,3.3194,7.5190,9.6477,-9.4770,-2.8418,-1.1159,1.3147,9.6389,-6.0951,9.1863,5.2077,-1.1218,6.2096,-7.7070,7.3269,2.0923,2.6787,-6.4461,-6.8306,8.9289
-4.7786,-6.7399,8.9566,-1.3454,0.9447,2.4985,-4.4099,-6.3205,-4.2461,8.7503,1.2962,-7.3424,3.1362,2.8157,3.1462,-5.0191,8.0619,6.5325,9.8024,7.3171,3.1420,5.5480,1.3798,-5.1354,3.8835,5.6572,-0.5703,3.8847,-0.8343,-2.5725,7.4217,5.2546,-4.0299,6.0316,5.0078,0.8483,3.1010,-8.3408,4.1632,6.4497,1.5397,8.1550,-2.9237,-1.1934,-8.2212,-8.8702,3.4027,-5.1148,-3.2118,-4.6910,-2.6332,9.6128,8.8831,9.1726,-5.1500,6.5058,9.5535,3.1507,-2.8332,1.5583,-1.6195,-2.8151,6.3382,-9.5177,-4.9137,2.3907,-0.5337,-7.9185,-5.6278,-6.9573,5.2008,-8.2498,6.0758,8.6846,-2.5685,8.8663,7.9380,-3.6872,-3.3175,1.6134,6.5535,5.6038,7.2255,0.5926,8.9945,4.9639,-9.5009,8.0873,-1.2534,-0.7908,9.9486,-3.9674,-1.5437,2.2684,-8.4227,2.6268,7.7905,-3.7989,8.5803,1.0027
1.9935,-1.2886,1.9167,-0.3181,1.3882,-7.4108,5.3916,6.2625,7.2640,3.0726,5.6128,8.8604,-6.4314,-1.2980,-4.1670,3.7512,-3.7095,-7.5111,4.3616,-1.4175,-0.4336,-7.3211,-4.2704,9.8670,-2.4672,-8.2191,7.1875,-2.6898,4.6122,-9.2492,-6.4934,-3.4004,-1.7353,8.9491,9.0824,-3.8030,-2.0541,1.9943,2.0747,-4.3948,1.5796,0.0396,0.4437,3.4461,-8.8065,4.7199,6.7966,1.0295,-4.6532,5.0504,-3.6031,4.0471,-4.3669,-7.9155,-5.8003,-3.3315,-6.6822,-1.9175,-2.9584,0.4647,8.1805,-4.7585,-3.5087,8.3586,-5.9759,2.6571,-0.3395,-2.5789,-4.4675,-4.4666,1.9378,8.3270,2.6310,-1.7335,-0.4693,-0.7979,7.6236,8.8856,-6.3523,9.7417,-9.0396,-8.9320,-5.0217,-0.8822,2.5777,-3.6206,4.4192,-6.2022,2.9642,-3.5711,1.5503,-7.3227,1.6409,2.4641,0.2235,6.6929,-3.6121,8.8110,-6.4420,-3.9855
-3.3333,-9.1663,4.7381,-4.9175,-6.4961,-4.0705,4.6572,6.1696,3.6601,0.2548,3.0552,3.3204,3.9275,-3.4799,4.7361,8.6607,-2.3882,3.9026,2.2615,-4.5014,-2.2590,-7.4158,-6.7427,-4.4155,9.8683,-0.0601,0.3047,2.5700,6.8675,-1.0782,3.0004,4.5582,-9.1096,6.1006,-4.1397,-7.2861,-2.4544,1.8738,-7.4889,3.9885,6.9147,-4.9253,-2.2744,-2.6593,-6.4846,7.0852,-1.1793,5.8727,-3.2259,-7.6273,9.1024,-0.7774,1.6119,-9.5514,-8.1085,-3.5564,4.7304,-1.8078,3.3595,2.6073,-7.9475,-8.1058,5.7077,1.8144,-7.8275,-0.7000,9.2590,-0.8419,7.7375,-9.4457,-1.4297,-2.4210,-4.2168,8.7461,9.0449,-0.7304,-4.3196,4.9012,-1.3136,-6.1750,5.2332,-5.0212,-7.3890,8.4551,4.8482,-4.3822,-5.8249,-4.8237,-5.4549,2.2536,-6.0667,-3.1256,-8.5495,3.4206,-5.7707,1.7132,-3.6134,3.6544,6.0770,-3.8796
6.9031,1.5450,6.8038,-3.3036,0.1755,-7.3407,-3.7480,-4.9572,2.4461,-3.5626,7.0657,3.6239,8.8019,5.1249,2.3807,-8.1933,6.0531,3.3136,-1.6586,4.2582,0.9779,-8.2412,-5.9647,1.0003,-9.9474,9.2747,9.5205,6.7770,-8.0021,6.8013,-5.8085,-2.9393,-3.9087,0.9511,-7.5924,8.5074,-4.8545,-7.8168,1.4011,-0.7150,-6.9715,6.1628,4.0485,0.1144,4.1111,-3.2705,-6.2001,-1.9122,2.3561,-1.0230,-4.7625,-4.2201,-5.5611,0.5916,9.4804,5.6600,-8.1831,-4.0939,-0.7539,2.0583,7.0593,-0.5408,-6.3710,3.9348,6.3969,7.9826,4.3064,-3.0236,9.6768,2.6882,-4.8669,-12.6707,0.1822,6.1956,9.0835,4.4132,-8.4119,2.1920,-0.4070,7.6749,-4.2087,-7.0244,-8.2217,-9.3632,5.3596,5.7009,5.5620,3.4265,9.4961,-7.8180,4.3585,3.3977,-0.8077,1.1008,7.7008,0.1336,4.0953,6.2021,-9.3778,6.4199
-5.8619,1.0799,-5.6502,-5.7188,-6.8214,-0.0826,-7.0918,-6.8146,-6.5445,-8.8945,0.6204,-0.7669,5.9900,-7.0962,1.4465,0.3538,-7.4208,7.1227,4.4860,-9.6390,-2.9517,-8.4718,-9.8360,-2.4691,-1.4645,-4.2740,-1.2985,-1.4258,-4.9106,6.2222,9.1161,7.3891,7.7395,-2.9767,-6.0402,-0.5337,0.5837,5.0320,2.9917,6.9203,-0.8802,9.0110,-9.5799,2.8587,-2.9708,-4.4781,-3.9325,-4.1851,-4.3790,8.8519,-6.3166,-7.0021,-9.1132,9.4627,1.4178,-2.8730,3.4429,3.7417,-1.3848,-6.9190,0.3376,6.7960,-8.7499,-7.4886,-6.8888,-5.5449,8.7662,1.7980,-9.3912,5.6639,2.4050,6.4555,2.1170,-3.4240,1.3165,1.5886,-2.4206,0.9170,5.7150,-3.9106,9.0488,9.4105,8.4055,-1.6102,-8.0866,-1.0811,-2.9850,2.4382,0.0672,2.8410,1.0682,1.9879,7.1218,0.3260,-6.3551,1.5306,0.1371,-1.2532,2.7716,-0.3011
5.8214,5.9034,-0.3895,-1.8344,6.0713,-6.5767,8.2222,4.8389,-4.0303,-1.1200,2.4937,-4.1220,6.3604,-1.0110,6.0204,6.5298,-0.5506,4.2507,-8.8810,-2.4228,8.0117,-0.6297,5.4548,-0.6010,6.8169,-4.9275,6.4018,9.6449,3.6095,1.5310,-3.9956,-9.6181,6.4106,-0.5864,2.3744,5.9684,2.4360,-7.2728,2.5899,6.5780,-9.9432,4.0040,5.1811,-2.8576,-4.0894,-7.6767,0.5083,-4.2516,4.3748,-5.4935,6.3906,7.6847,6.9376,-4.9711,6.7799,7.7617,8.7799,5.0072,9.9587,7.1354,3.3392,-0.5294,-2.0762,4.9592,-8.2159,4.3690,-8.3231,7.3395,8.0922,-4.1328,-4.1367,-4.4964,-3.5377,-3.8289,8.6619,3.7820,-0.3286,6.7492,-6.8123,-0.5040,-4.4328,9.0076,1.4815,-1.2311,-0.2778,3.3153,9.5466,-8.7444,8.0417,-0.0759,6.9406,3.9105,-8.7383,-1.4982,6.3243,-8.1275,-1.9896,-8.8513,-4.1817,1.7877
-8.4719,9.0947,-3.0914,-9.1380,0.1607,9.3849,-4.3782,6.9614,-7.9650,4.5170,-8.7421,-0.4877,8.5568,-2.4456,-6.8958,-7.1330,2.0404,7.1876,-0.5470,-1.5273,9.0367,-7.7357,-2.3508,-5.3283,1.6203,3.1084,4.7317,-8.6728,0.7483,1.0128,6.6526,-7.1900,9.5594,6.9173,6.3637,4.4767,-9.0305,0.9664,6.8030,-8.2006,2.3636,3.3796,-2.5955,2.7599,9.4695,5.7021,-0.1755,8.8946,0.6989,9.0433,-5.8855,-4.6236,-6.1400,5.9158,-1.9254,2.6200,7.6712,6.1174,5.5515,-8.0410,-7.6805,6.9752,8.6147,-5.1146,-1.2507,5.3800,7.8316,6.4343,1.9600,-3.8735,-7.9826,9.2811,5.2272,-7.2345,-2.0913,-0.2530,-3.1301,-1.4785,-9.2780,-5.2097,6.7586,2.9221,4.5869,-2.8645,1.0943,4.6526,-1.7489,6.1055,9.7275,-3.5559,-8.3461,-1.8763,9.6603,5.5525,5.1306,3.3495,-8.9947,2.9487,0.6881,-0.8731
9.1853,-7.5329,8.3200,4.8978,-5.4366,9.1880,-3.6461,-4.8630,-8.3783,3.2235,-2.3699,-6.5894,-1.2493,-3.0961,9.2490,-4.2289,-5.0435,-8.8912,8.1949,2.8945,4.7663,6.5345,-8.5535,9.3345,9.2361,8.5702,7.4980,-5.7705,7.4835,4.3409,-8.2873,1.4712,8.5214,-2.5910,-3.0507,-8.3542,9.4129,9.7480,-5.6514,2.2158,-8.1140,-3.0006,-0.6661,-2.0014,8.5802,-9.5585,4.2874,-1.9326,-2.6377,1.2156,-3.5292,-3.0425,-3.6988,-5.9647,8.8704,0.6372,5.9683,2.0152,-9.8707,-0.3169,8.7631,-1.1873,-5.7603,4.4294,5.4166,0.4424,-4.9198,-5.8133,-3.4741,2.3213,9.5772,-2.7448,6.2096,-7.2319,-4.9376,-7.5583,-8.6123,1.9275,6.3510,3.4233,-8.7023,-2.3733,6.9451,6.2849,-2.7238,-2.1214,-1.8820,-6.4854,7.2922,-9.7020,3.7087,0.2086,-3.4583,5.7024,0.7320,-8.4695,8.4788,-5.5899,7.5934,2.6103
0.4124,9.7597,0.5253,8.3217,2.1470,2.0717,-5.7264,-4.6505,-0.2043,4.8957,9.2917,7.9912,0.5754,-7.6674,-9.3240,3.4126,-3.8828,-5.8241,-5.4583,-2.4488,-5.6593,-7.4434,-7.5474,8.8999,-4.9717,8.3091,-0.5283,7.4231,-9.7653,0.0984,2.9455,-8.1367,-0.1046,-6.7412,2.0557,8.8824,9.5467,-3.8147,4.9992,-9.5458,3.5587,4.3376,0.4141,-2.8245,3.8803,9.3564,-0.2591,9.9628,-8.3184,0.9621,2.0199,-7.5651,1.5553,3.8597,-4.4906,-6.7653,-1.0733,1.4891,-2.2442,-2.3236,-3.0481,2.0447,4.0770,-5.6383,-8.1850,3.0153,3.2521,-0.7263,7.7064,-7.6230,4.3686,2.8112,-7.0463,6.1672,5.6015,-1.8216,8.2442,-3.1249,-3.2822,-1.8216,8.3539,-6.1970,8.1522,0.9361,6.6937,6.6122,8.4899,-6.3890,7.8606,-3.3537,0.4304,5.4944,-2.7756,9.9531,-4.8201,5.5574,-7.0054,5.5319,6.3359,2.2614
-2.9069,-1.8046,-8.9132,-4.6866,3.7765,0.9538,-4.3397,-2.3464,2.5118,3.6188,-6.2452,-8.4726,-1.2125,1.6756,-8.3474,9.9125,-0.6753,-4.2391,-7.0325,-4.6250,3.5194,-8.9745,5.1445,9.7543,-9.6671,0.7002,-9.4260,-3.9549,4.8778,3.7862,4.5778,-1.8609,-7.0847,1.2776,5.8557,2.6836,-7.8051,-7.4970,-3.8214,-3.4959,-3.2460,7.7390,1.2399,9.2941,0.0007,9.4989,6.6003,-1.4700,4.5762,6.9329,-3.3388,3.5843,-6.3687,0.2610,5.8395,2.7571,5.4257,4.7609,-6.7003,5.1121,3.9179,6.1292,8.4077,-2.6045,1.8454,6.9520,0.6769,5.4299,-9.3647,-4.9996,-6.1758,-4.0386,-6.2092,4.7905,0.3405,0.2641,6.7686,2.1033,-0.7492,-7.2802,-1.0641,5.1252,3.2435,-8.8651,-1.4643,8.3577,-3.4573,-3.2382,3.1955,8.3970,8.5126,-2.8168,9.1832,5.4693,-9.1020,-6.6979,7.1275,-8.4038,-0.5651,-5.6360
2.2518,-2.3626,1.0660,-3.6333,3.9078,-3.7792,-2.8840,-7.2378,-7.2731,6.2277,-0.0375,-5.3573,-1.6533,-8.6830,-9.4667,5.6785,-2.2170,-2.5197,4.7441,3.5150,8.4428,-0.1519,-1.9265,5.3564,0.7811,-1.5559,9.4428,6.2188,6.4183,7.6274,-3.2844,-7.9197,-4.9474,-8.2921,8.8694,1.2707,-1.9229,0.6115,1.0503,5.2629,-6.6129,8.0862,4.6958,8.8377,-2.8478,3.8545,1.1176,-8.7314,-1.4148,2.2855,-2.9858,-4.5998,-0.1332,8.9639,2.3738,-8.3774,-1.3346,7.8706,1.0555,-9.0169,9.8039,-8.3522,1.1086,8.2044,3.5496,-1.3026,-6.7702,6.4259,-8.9847,-3.7206,-6.3634,6.6961,-3.3901,-3.9974,-8.2821,-8.9402,3.5390,5.8275,-2.3216,7.0191,7.5329,9.3219,-9.2660,-0.8987,-1.0938,8.6360,-3.9062,7.6190,-3.4996,-4.1146,-2.0648,-4.3334,2.5652,-0.6383,-9.3634,1.7176,3.6995,-0.5587,1.5081,-0.4503
-8.9381,-4.5794,5.7306,-5.3097,-6.5957,4.3738,0.2393,-7.9913,6.0582,-9.9379,6.8731,-7.9730,-7.2847,8.4175,9.0819,-8.4241,-9.3454,-9.8558,8.6331,-5.8202,9.5928,5.6320,2.4630,-2.9218,0.6262,4.3480,7.0605,5.0368,-3.3777,1.4401,6.3962,-8.8345,8.2768,-9.8951,9.9028,-9.0986,-1.6006,-4.1892,3.5810,8.0962,6.0541,-8.5644,-1.2941,6.8427,-6.3625,8.5137,8.8356,-1.3461,8.7591,1.9633,5.2644,4.2048,-9.9032,-3.2426,0.5860,3.0522,-3.8821,0.2005,-8.2926,8.9615,-9.1910,9.0659,-1.4393,6.0260,0.0822,0.3314,4.3403,6.0754,7.2984,1.1074,-0.0433,5.8792,9.4946,-5.3942,-2.7708,5.9572,-2.3664,0.1788,-7.3832,-4.1259,9.4205,-6.1698,0.7927,-6.3391,4.6034,-3.2541,-5.6590,-4.6739,1.0403,2.3669,-5.9071,-1.5614,9.7983,-6.4997,-8.6156,-5.4579,6.6447,3.0622,-2.1081,5.8569
3.3383,4.7589,2.9503,0.9561,-7.0196,-3.9545,-8.1308,1.1520,-5.5781,1.4238,0.9965,-7.6947,1.7662,3.0780,3.3096,-0.2397,2.2198,-9.9292,9.4667,2.6115,4.2134,-7.4079,3.3350,4.0501,2.4364,6.6660,-4.8056,-2.3028,4.8792,6.0551,-6.6747,-7.8400,-3.4209,-5.6721,-3.5587,-2.5438,-9.3855,-2.9109,2.6105,1.3187,-6.2741,3.3818,5.4520,0.5946,5.6109,-7.3826,2.5102,-1.3557,-1.2064,-0.3480,6.0545,-4.7109,0.5984,8.6446,7.0430,3.4185,0.9011,8.0185,-3.0684,3.9259,0.8818,-5.9063,-1.2654,9.4803,6.4500,8.7841,-7.3636,0.7226,7.2595,5.2028,-8.9711,9.7851,7.3823,4.1212,3.5156,6.6225,3.2478,8.0957,3.1175,6.9983,-3.8378,3.2237,7.5242,-1.5902,-4.6655,-5.4020,1.1156,2.1498,-3.2151,-2.9231,1.7206,2.6614,-7.0230,-1.2598,-9.1977,8.7820,8.8099,-8.3888,6.1024,1.8427
-1.8006,-7.2422,-9.1605,4.0581,-1.6341,2.8953,-8.4607,-5.7550,4.5696,-1.5499,2.1420,-0.3616,0.3096,-9.8623,-8.2243,-9.6890,-8.8690,7.6302,0.1615,-3.7595,-0.3876,2.5079,-6.9801,9.0914,0.5956,1.8695,3.1281,8.2293,2.4247,4.5888,-0.0324,0.9991,5.6869,1.4533,3.0423,-4.9992,-5.1643,3.7125,-5.4317,-8.7617,-8.1255,-0.1863,1.9064,-4.6534,5.3284,5.5223,-8.6216,-8.9405,1.9493,6.8663,0.0143,-3.7728,-8.5123,-4.5698,-1.6421,7.6942,8.3891,-7.1713,1.3422,6.3850,-5.1956,-0.8728,3.4301,-1.0756,-6.0809,0.2468,8.1563,0.7472,-2.4777,0.3093,-4.4580,9.0172,-7.6397,-6.9553,-4.9978,9.2221,-9.1698,-8.1502,1.2007,6.3335,-8.7328,-1.6972,-0.3820,1.5140,-3.9603,-1.4880,9.9112,-3.0588,1.5652,-0.1902,3.2410,-0.7426,-3.6884,-5.9037,-1.7515,-9.5893,0.6608,-3.6751,-8.5233,-1.3347
2.5177,-9.4385,-1.1111,-9.5360,-5.7145,4.4367,-5.1698,5.3515,0.7752,2.9235,3.1722,0.3727,-3.9437,0.7445,3.9293,-0.7594,8.0022,-5.8193,5.0071,-8.0847,-6.7753,5.3896,-0.6178,-7.6716,1.7020,-3.9094,-9.8959,9.8636,-4.1215,-7.6323,1.0294,5.3489,9.1878,-5.1199,-8.8934,-5.8353,-0.6366,8.8226,9.2716,7.7337,-6.7179,8.8347,2.5855,-0.8768,-5.7678,0.8270,1.4620,-9.6369,2.3592,5.2441,2.1123,-9.3737,6.7234,-0.9560,-7.5296,8.2561,-0.0616,2.2137,-7.5062,-7.9937,-9.8198,4.5107,-0.7541,-9.4227,9.0199,6.8011,1.4005,4.2460,-0.2695,3.2758,6.4925,-5.3927,-0.4683,7.9241,0.9777,8.4641,-8.5799,6.4226,-8.5645,-2.2876,-3.3545,-5.0648,-12.7097,3.7752,-5.3971,-1.2031,7.6799,-8.3793,-5.6872,-6.1081,6.8464,-8.2054,6.9757,-2.4356,1.8900,7.5042,-7.6109,-9.6209,2.9200,-1.8045
-2.2886,-2.7967,1.4379,-8.9875,-5.2596,8.3505,-0.7697,5.2769,1.7299,-6.1774,-2.6917,-5.8146,6.0581,-5.3173,8.3424,-0.6513,-3.8779,1.3104,4.4438,9.0203,7.6163,3.5225,0.9024,-0.2532,3.9669,-0.6994,7.6608,2.8088,-0.1104,9.4968,-6.5669,-8.7930,3.5989,-5.8673,2.1200,8.2636,3.9116,-4.8848,-4.2228,-4.5643,3.3445,1.7070,5.4225,5.2191,2.8331,7.0005,4.5508,-4.8965,2.3051,7.5989,0.6265,3.5889,9.3985,1.4082,-6.4819,4.1282,0.7418,-4.8698,6.0813,7.0372,-5.7898,-8.1498,6.9028,-1.6698,1.5500,-4.5592,-2.7031,-2.5382,5.8078,7.3967,2.4260,-9.9485,-3.3697,0.1052,6.6394,-7.2320,0.9673,8.8837,5.6996,-6.4290,8.5958,-8.0865,1.8129,12.6673,0.1440,5.6229,0.5644,2.8681,8.1423,5.5256,5.0137,-2.0686,9.6853,-1.9013,0.6880,-4.9206,1.2932,-1.5500,-4.2863,6.7584
4.6990,-3.3912,-4.2744,-5.5730,-8.0174,9.5998,6.4947,-7.9462,8.7034,-4.0152,-1.3026,-6.1464,3.1103,5.4986,-2.9855,1.5715,-6.4318,0.8574,0.6797,5.8358,-4.4370,8.8170,-9.2411,-7.6274,2.3827,-1.8941,9.3434,-1.5916,3.9700,3.1878,-1.0718,0.2290,-1.9218,-8.4886,0.8179,2.5515,-7.1270,-7.8874,7.0430,-1.4996,-1.5824,9.8873,3.8918,6.3951,3.6451,0.5182,2.8568,5.7203,-6.7356,5.9183,8.4239,-5.8459,8.0337,7.9160,-2.2525,-7.8864,-5.8091,-2.3716,-0.8894,9.5102,5.4952,8.1770,-2.3345,-8.2152,3.7892,-2.7599,-6.3447,-9.7633,-5.8156,-4.4785,-9.5135,-7.9841,4.6577,-1.0758,-9.2007,9.3423,-8.6299,-7.3012,8.9609,-1.5697,-0.0138,1.2866,1.1064,-8.4753,-10.4183,-8.3400,-8.3865,-9.8731,-3.4483,-6.0564,-5.2649,4.9047,-4.6328,-8.2103,8.6239,8.8884,-9.5720,-4.5080,9.3889,6.7537
-0.0498,7.9403,-2.3318,-5.4037,0.4176,3.6141,-8.8555,-5.1429,-7.9076,1.5761,9.4446,0.4212,-0.6192,9.2793,7.2951,-1.6297,-9.1182,9.2469,-6.0847,1.7219,-5.7499,3.7239,9.8638,-8.3795,0.3666,6.7868,-3.9903,6.5583,-3.2264,8.7807,5.9579,-8.1551,-3.8012,-4.8475,7.9611,5.5082,3.8651,4.8291,-3.5734,-6.0298,8.4917,7.4978,7.7848,9.8469,-3.9416,-9.4444,0.1782,-0.1803,-9.2609,2.4813,7.5395,-4.7143,-6.8549,-7.9070,9.0263,8.7880,9.5670,-3.4579,8.8582,-0.4933,-1.3047,-6.0113,-2.3879,9.3902,-9.3057,-6.3158,-6.1695,-4.1853,-1.6498,-7.3943,9.8238,-3.4448,-5.9169,-7.3717,-8.1661,-8.8023,-5.2187,-9.5531,7.7706,-6.2089,-8.1619,-0.8906,-1.4357,6.5277,1.9727,6.5465,-2.8757,-3.1530,4.5277,-1.9700,9.1639,-3.4264,-9.8635,-1.8535,-1.3852,-1.2753,-5.0182,-5.3144,0.2926,2.4451
-7.8549,-6.0511,5.5542,5.5242,-0.8963,-6.9182,2.3425,-7.2973,-5.7219,3.1445,-8.7726,3.4825,8.1752,-1.2804,9.2535,-3.7576,7.8220,7.9348,9.1412,-1.5854,3.3610,0.9802,-9.2269,-1.1924,4.9331,3.6101,-0.9480,5.6490,-4.4837,-4.3698,3.3380,7.9496,8.1666,2.2326,7.7952,-7.0537,4.4144,-8.5924,-0.7408,4.2755,6.3863,-1.1455,-1.0675,3.2092,5.4597,2.6028,6.0901,-1.0727,5.2848,9.4184,-9.8518,7.6549,9.4148,5.6935,4.0589,2.9358,-8.8428,-5.6586,-9.1019,1.7608,5.0976,9.1125,-6.1393,-9.0518,4.9320,6.9092,0.7878,6.9958,-3.0184,2.7886,2.5373,-7.4066,-2.0870,-3.8941,-7.0298,-3.9782,-9.1275,-6.3068,-0.4918,6.0080,7.7549,1.3246,-1.4349,-4.6678,-4.7213,9.8841,-3.8781,-4.4653,-9.9264,4.7286,-2.8849,9.8003,7.4844,-6.2958,-9.0349,6.4541,-8.5145,9.3402,1.2261,-8.1625
-8.2806,-2.7925,-3.0368,6.4120,-9.1907,5.1451,-7.9452,-7.5968,8.5652,9.0528,9.0809,-0.8505,6.8640,4.9947,6.7574,2.0901,-8.3150,-0.6343,2.6052,-3.7728,-7.7591,-4.0771,6.7730,5.8997,0.6920,-7.5983,0.8934,1.2298,4.4206,-4.0599,9.4028,-3.9978,2.6416,4.3254,-7.8473,9.4851,-6.0119,-2.0425,7.9036,4.2999,-5.1346,-0.9203,3.4987,-1.9507,0.9635,-9.1965,-9.2243,-3.0109,-1.9917,-4.8014,-3.9737,3.9993,0.9344,8.2657,2.4389,-4.1885,7.8027,7.6271,-7.2002,-0.2409,-3.9032,3.4143,-3.0056,9.9910,6.6504,-7.1117,7.1608,1.5577,-2.9871,0.3789,3.5119,9.5208,-2.9569,0.1480,-2.5047,-3.2392,-2.3521,-4.2946,9.0096,-4.7033,-1.8625,-4.6960,0.3047,-0.1062,-4.5842,7.4768,0.5616,-4.7567,3.1484,0.2547,2.9045,-8.1185,-9.9023,2.4855,4.7419,-6.3077,-2.1430,-9.4868,-1.5652,-5.6238
6.8900,-3.5135,5.1175,6.4601,-0.8504,-2.0458,9.3899,5.1658,-4.7472,0.7686,-1.6832,-0.6786,-9.8482,-6.3835,3.9236,-1.4147,-3.8113,-9.8595,-8.0959,3.5178,-2.8131,-5.3875,1.6988,5.2440,5.7575,4.7947,6.1932,7.3922,0.1354,-2.1136,7.2175,-0.4536,9.8121,-7.3235,-2.9815,-4.0813,3.3305,3.9317,-3.2324,-9.3964,4.2537,9.1581,-2.7980,0.8196,-6.2141,9.1156,-4.0201,-5.6409,3.8891,2.3833,8.1861,7.9365,-6.4741,2.5718,-0.2262,-7.4360,-6.2117,-6.3433,2.4755,8.4169,2.2167,-5.5512,-8.6582,7.8430,6.1653,-6.2066,-0.6549,-5.1338,-8.0248,-6.7387,-8.2891,-5.5624,6.3350,4.7689,4.2101,9.7887,-7.3885,2.5684,0.8720,-9.9031,-1.3412,6.8138,-2.6936,4.8608,-4.2836,-8.6694,-6.0859,-0.7806,-9.4298,-3.9570,5.7826,8.0076,8.1736,-9.0535,-7.9413,0.8742,-7.6601,-5.4549,6.4348,0.3829
5.1600,0.0963,4.6210,-3.2351,-5.7363,-8.4718,4.5914,9.5693,6.2676,-6.1314,0.4735,-6.2785,-7.1779,4.2086,-6.8221,-8.5422,-1.8309,6.5205,5.9646,-2.4396,6.7314,-4.0544,3.3737,-5.6187,3.3396,-3.2550,4.8296,1.1553,-6.3529,5.0186,9.2273,-3.2199,2.6555,-5.9345,-9.2780,1.0042,-0.3923,-0.3273,6.4936,2.8360,-9.5877,-3.1334,4.9446,6.1031,-8.7838,-7.5989,6.9480,-8.2399,1.1579,6.8298,-9.0012,-6.9358,-8.1861,-3.4261,-6.0887,1.5000,3.4335,4.7293,1.4628,7.9765,7.1403,-2.8707,5.1174,-8.8732,9.2000,-1.0191,1.8265,-8.8534,2.7291,-9.6990,-0.7943,-3.1992,-1.8882,4.3234,0.4252,-3.2434,-4.1213,7.2461,-8.0408,9.8430,-8.2333,4.7554,7.5265,1.7642,0.0599,-1.7675,-4.7811,2.8255,1.1476,13.1628,-9.2547,-3.6152,8.6267,-9.4469,-3.0937,9.5768,5.1669,0.5649,1.6619,-2.9205
-1.1076,3.3685,-4.0002,-1.0821,6.1356,-8.4239,-3.7363,-4.4164,-0.9976,-1.5580,9.1040,3.9911,-5.8015,-1.1354,-0.5381,4.8987,6.9107,-1.1846,5.0723,1.3708,5.8530,-2.3476,2.5876,8.7505,-7.1152,-3.7734,-7.6649,-7.4145,2.4351,-7.5001,-3.7367,3.0450,-1.1133,-9.1624,-1.0286,-0.2352,6.0997,-0.1522,5.2648,-8.5671,4.4370,6.0512,2.1460,0.8942,-5.0960,0.1100,0.3057,-8.8419,-9.4233,-9.1690,-5.9884,-7.0031,0.0695,6.3029,4.0888,9.5440,1.6548,-8.7619,-1.6347,-6.2871,-6.8107,-3.9834,-4.8000,-5.3019,8.4900,7.3622,-0.5461,-1.1526,1.4084,-7.3152,2.3627,8.6293,-2.0541,-6.6279,4.2524,-5.3153,-2.3245,1.8294,-6.5370,-3.1228,8.0898,-3.3689,-5.4801,-1.0120,-2.8847,6.8912,5.9419,9.4152,-0.8180,-1.6512,11.4796,-9.4017,-0.5482,-9.4726,-7.2955,-5.3408,7.7006,-4.9878,1.2988,-1.4270
-0.2087,0.5405,-9.5336,8.2660,-8.3682,5.6513,3.4835,4.3890,-7.2495,-3.8988,-6.8788,-3.8355,-7.3559,-4.7602,-5.3176,9.2931,-0.6825,-2.2354,5.5494,5.1530,1.7848,-0.3929,-3.6276,6.3536,-3.6576,1.8623,-5.0567,-7.0859,1.3747,-9.6428,0.8856,-9.0153,-9.0741,-4.3962,7.8948,-0.3118,1.3383,7.3066,5.6116,8.8701,1.4258,-0.3841,0.5987,9.2514,-4.0610,1.8079,-9.3905,5.7683,-6.5075,9.7207,0.6125,-4.0535,2.6135,1.2154,-7.7059,-9.4960,-5.2606,-8.9644,-2.4750,0.9602,8.9948,1.6242,1.4732,7.9475,1.3848,3.3208,7.4387,1.7441,7.3025,5.9310,6.1956,4.8693,-4.6056,1.6729,-9.2240,-1.1396,-0.7062,9.5654,2.4825,1.3171,9.1318,6.2829,-9.5357,-5.4188,9.0745,7.3416,-3.1263,-2.0919,-1.5135,-2.0298,-2.0547,5.0465,2.7757,9.6313,-6.1380,-6.2507,-9.9121,2.4583,2.1629,0.4549
-2.2466,-8.4404,6.4400,2.4144,-2.5818,2.9344,9.4405,-0.8841,7.6582,7.7566,1.2442,5.1229,2.0917,1.0234,7.9871,3.0256,-7.7824,-0.9240,9.8979,-2.7172,8.3353,9.1755,0.4731,2.0670,-8.3095,-5.0350,-1.8881,1.1500,-6.5674,7.0132,-0.7653,-0.8491,1.3186,-9.8862,2.6522,8.8006,4.4907,-1.0820,4.8293,9.7887,-8.0098,9.1402,4.9316,-4.3307,6.5064,4.7995,8.7684,-7.7653,1.0833,-5.8970,5.2444,-1.0146,3.4139,-8.8785,-1.2489,-8.0891,-9.3762,-1.0371,-1.8024,-9.6739,-0.6518,4.8736,-0.8293,-6.7183,-9.6403,-8.3743,8.5241,-9.5029,-3.3873,2.0230,-7.6574,3.6642,8.0249,5.4018,1.4054,-7.4414,-6.5697,-5.5754,-1.7443,-4.6957,4.0929,8.7893,7.9919,5.9173,4.1432,8.4115,-0.2773,9.3835,9.1534,-6.7975,-7.9102,-9.4003,-2.0064,-7.1722,-3.2680,-2.9681,1.1793,-8.0854,-8.0996,7.8101
9.3415,0.5191,-8.7557,8.6428,-3.6039,8.3946,7.2118,2.7161,-8.9228,-6.8769,-2.7568,-3.0656,-5.6685,-9.6460,-1.5943,5.4471,9.4003,-0.1656,-5.9057,0.1646,-4.2635,8.4875,2.5771,5.0979,-4.2845,8.6667,6.7107,-5.9061,-9.8160,7.4591,-3.6667,-8.2414,2.1379,-7.0686,0.9827,-7.4986,7.7705,7.6785,3.0479,4.4442,-6.0207,0.5989,-3.4517,6.2635,-3.4857,1.2470,1.6790,5.4496,-3.5015,-5.6519,6.6784,5.0164,1.3724,0.6977,-1.3688,-2.4370,8.1970,-9.0905,-0.2132,-0.2460,-2.8517,1.9459,-6.0017,-2.4539,-9.4099,6.6742,-4.5616,-9.1254,-9.0248,-4.8343,0.3379,-5.5959,-7.1952,-6.3576,1.1974,-9.6321,-4.4724,-6.5761,-3.0809,3.0443,-7.9301,-6.8711,0.6248,-2.4184,-7.6700,4.9967,3.6261,1.5484,1.9473,3.8562,-4.6983,8.9597,9.7614,10.1943,8.4919,5.9844,-2.8209,5.6661,1.0242,-1.1733
2.4929,4.5034,-1.1103,-6.8566,1.3151,-1.2317,-9.5318,1.6530,0.8812,-7.5642,4.0922,4.5376,-0.2178,-8.3083,-9.8368,8.2435,-1.7673,-6.5917,7.4339,-7.2411,-0.0901,-8.5083,3.9272,-6.7123,7.6916,-4.8464,-8.3024,6.0156,-6.8512,5.7711,3.7277,2.2880,5.5615,6.3018,-0.3373,0.4824,-8.0411,3.1175,3.3630,-8.8540,-9.9984,1.5624,-1.3081,5.1674,-4.5127,-8.4775,6.2728,5.5591,4.6928,6.4478,2.7846,7.9320,7.4442,3.2372,0.4257,2.8772,5.5291,0.1992,4.1558,9.5310,5.2788,5.9790,-2.6213,-6.8718,9.5743,-2.1499,7.0190,4.8067,3.8957,8.8644,4.9459,2.8261,-6.4624,-8.1906,7.9816,8.5699,-5.9255,-9.3198,0.6816,5.3701,9.0545,4.6674,4.2824,-1.6826,1.6637,8.8385,-4.7687,2.0668,8.4870,-6.5077,-7.7540,7.1597,-3.7520,-9.2206,-13.1202,9.1079,-7.9807,5.8666,-8.7249,-5.5201
6.4961,6.7403,4.2414,9.9274,-1.9031,1.3158,7.3729,7.0117,-2.1441,-6.1838,9.3198,-0.2663,-4.1700,-9.4960,-7.7284,7.4552,8.0402,-9.6508,9.7366,-7.8999,-8.8030,-4.3352,-5.5792,-5.9030,1.8934,-8.3906,-8.8829,-0.0350,5.4689,3.2459,2.4880,-0.1089,4.0858,-5.3597,-0.6150,1.1505,-3.7740,1.0653,9.5904,-2.5688,7.7392,0.4843,-4.6316,-9.9018,4.8547,8.0085,-8.6018,-7.5063,0.6830,-4.8239,-6.8803,-3.0612,3.0642,0.9497,-6.6107,-0.6532,8.5399,8.6631,-1.9131,4.7741,-3.1343,-3.7366,4.5859,9.3855,6.6327,-8.4994,4.0008,-8.9444,-8.7350,4.7590,-8.1389,-6.8920,8.7337,-2.5141,3.9537,6.1469,-6.1270,6.5017,-7.7988,2.1328,-3.7662,-3.5924,0.4566,6.7489,8.6553,-7.7163,-1.8321,7.2634,-8.4669,9.4500,-9.6192,7.7317,6.4984,7.5651,-7.2625,-7.1882,-6.8119,1.7169,3.2431,7.3764
-4.0696,0.5820,0.9445,-1.3787,8.3323,5.3520,-8.9095,-5.9393,3.7870,9.6287,0.8944,-1.1408,6.2472,-7.2670,-5.4719,-7.5643,2.0973,-8.1029,-4.5339,4.0437,-1.9285,1.8996,-7.6489,-6.7001,-6.4922,9.9400,-1.5931,-2.5783,6.7071,4.4203,5.9928,4.9490,4.4986,-0.5132,-3.5437,9.6076,-7.8274,1.1939,-9.0385,0.3929,3.3273,0.8561,9.0559,6.7622,-6.6300,-3.6003,5.0979,1.3459,-7.2118,-3.7698,2.3972,9.3475,-2.9682,-7.7933,-5.1146,-9.1729,-0.8209,8.2531,3.6635,8.7235,9.4599,-9.1951,6.8090,1.7388,5.6220,-6.9907,9.4895,-5.1042,-5.4297,-6.7275,-0.8098,1.1539,-2.1464,1.1950,1.1708,9.7617,-0.7387,6.9541,-2.5702,-1.4070,-3.1010,2.9843,-4.2797,7.0952,4.6338,0.9950,-7.9408,1.9558,-2.2549,0.8538,-2.4711,4.0915,-2.0842,-9.3687,-0.8726,9.0455,5.4060,-7.2533,-2.0846,-6.6281
-5.5747,3.0354,1.7108,4.5006,-2.0081,0.4334,-5.0232,-9.5331,-5.2861,-7.2619,2.2618,-8.1345,-9.2474,1.5727,8.0193,3.0078,0.2567,-5.2892,-1.4624,-4.7211,2.8502,-2.8054,-9.2083,-8.7664,4.1112,-8.3785,-7.2492,5.4806,7.5653,-8.6535,-8.9699,3.1669,8.8384,-3.8775,6.6119,-3.0731,4.7169,4.3801,-3.0186,9.7410,-5.6803,-1.3056,1.7719,5.7403,-5.5239,-5.0946,-7.0058,-5.3325,-5.7337,8.0087,-3.0695,4.1908,-4.5254,-1.8312,-6.7222,8.2729,4.8762,-1.2795,-9.2436,-0.1983,-2.0145,-6.8903,2.0401,-6.9971,-7.1015,-9.3494,7.8631,3.1693,-7.7639,-3.9670,-6.8414,3.7209,-0.9891,-6.6176,-7.6242,-2.8099,-1.5786,4.4295,1.2356,-8.4757,-2.8912,5.2327,-6.5872,6.6422,4.8791,-9.6186,-5.6444,5.5228,4.9489,-5.2058,-8.8265,2.3979,-2.6738,2.3404,-2.5877,7.5471,3.1092,5.2093,-6.4659,-5.3015
-4.1624,7.9174,2.6010,1.8027,2.5145,6.1135,0.6026,1.4469,-1.5189,-6.6082,-2.8437,8.0837,5.0178,-6.9546,-5.7578,1.4617,6.9487,-0.5927,4.1503,1.1524,-9.3759,-8.6297,-2.2437,4.3304,8.2466,-6.3144,-4.3198,6.1833,1.8240,8.1127,-1.5103,-5.1150,6.4481,7.2530,-1.7451,-1.4421,-6.4480,3.5529,-4.0680,-5.5833,5.5412,-0.2068,-6.6324,4.0571,-3.5272,-5.7901,4.2822,-2.0489,5.7021,-7.2067,-1.4469,1.5516,8.8135,4.8326,0.8569,9.1650,-8.5900,-4.7366,2.6864,-8.5074,5.8177,5.1523,-7.8774,9.0250,6.7723,-0.3013,-0.5919,6.6007,0.5318,4.2927,0.2991,-6.3707,9.2756,7.8989,-2.7004,5.1279,-5.9508,-5.3072,2.9890,6.9906,-9.1721,-3.5842,-5.9253,-6.7743,5.4837,9.9034,9.2318,-7.9005,6.9464,-7.8637,5.2752,-9.2581,3.8402,5.5153,-6.8083,8.8634,9.1252,9.0965,-3.5389,-2.1823
-6.1284,-4.2106,5.3737,-3.9025,6.8736,7.8297,-1.7530,-5.4195,0.2602,-0.8131,3.8886,-7.9209,-9.7956,7.2924,4.7134,-5.3306,9.9511,2.0571,9.8438,-7.9945,0.4903,4.5614,6.4177,5.9266,-9.3947,2.4895,-0.0703,-4.6228,7.4658,6.9372,-4.6662,6.3214,9.0749,7.3510,-5.6457,0.1051,-2.6375,-1.5565,3.4665,2.4307,-4.4028,4.2420,-7.1805,-7.0461,8.8639,-3.8324,-9.4124,-4.8200,-3.8264,-2.6532,-4.3406,7.7736,5.5975,6.9980,0.4168,-9.8331,2.0413,-5.7380,7.9012,-1.4660,7.7728,-7.3846,4.3635,-2.8414,0.7388,1.6596,-9.5792,1.1433,-1.9554,4.1144,5.7152,-6.1085,3.7757,0.6665,8.1853,-5.2467,-0.7160,-6.6685,1.1381,-4.3673,-5.2840,-9.0267,4.7442,0.4000,-5.4949,4.1692,-5.2434,-1.6150,6.3789,4.5542,4.7919,-9.8073,-4.0101,-0.3733,6.6296,0.9222,0.7416,3.5763,-2.9519,4.0073